开局彩鸟spiribird_spawn,,,,,,,,,,,,,,,,,,,,,,,,,,
Bird Summoner MOD,彩鸟召唤 MOD,,,,,,,,,,,,,,,,,,,,,,,,,
Press 'home' to hide or show,使用“Home”键隐藏/显示菜单界面,,,,,,,,,,,,,,,,,,,,,,,,,
if you use gamepad press R3 & L3 to summon prism,如果您使用手柄，请按R3和L3召唤彩鸟,,,,,,,,,,,,,,,,,,,,,,,,,
Auto Spawn prism,进场自动召唤出彩鸟,,,,,,,,,,,,,,,,,,,,,,,,,
Buttons of birds,彩鸟按键,,,,,,,,,,,,,,,,,,,,,,,,,
Auto Summon,自动召唤,,,,,,,,,,,,,,,,,,,,,,,,,
Attack,攻击鸟,,,,,,,,,,,,,,,,,,,,,,,,,
Vitality,生命鸟,,,,,,,,,,,,,,,,,,,,,,,,,
Defense,防御鸟,,,,,,,,,,,,,,,,,,,,,,,,,
Stamina,耐力鸟,,,,,,,,,,,,,,,,,,,,,,,,,
Prism,彩虹鸟,,,,,,,,,,,,,,,,,,,,,,,,,
Summor max,最高属性,,,,,,,,,,,,,,,,,,,,,,,,,
Values of birds,鸟的数值,,,,,,,,,,,,,,,,,,,,,,,,,
Auto Birds ATK,攻击鸟（自动召唤）,,,,,,,,,,,,,,,,,,,,,,,,,
Auto Birds DEF,防御鸟（自动召唤）,,,,,,,,,,,,,,,,,,,,,,,,,
Auto Birds HP,生命鸟（自动召唤）,,,,,,,,,,,,,,,,,,,,,,,,,
Auto Birds STM,耐力鸟（自动召唤）,,,,,,,,,,,,,,,,,,,,,,,,,
infos of birds,彩鸟信息,,,,,,,,,,,,,,,,,,,,,,,,,
auto birds id ,自动鸟ID,,,,,,,,,,,,,,,,,,,,,,,,,
Total birds,彩鸟总数,,,,,,,,,,,,,,,,,,,,,,,,,
Attack,攻击,,,,,,,,,,,,,,,,,,,,,,,,,
Defense,防御,,,,,,,,,,,,,,,,,,,,,,,,,
Stamina,耐力,,,,,,,,,,,,,,,,,,,,,,,,,
Vitality,生命,,,,,,,,,,,,,,,,,,,,,,,,,
Prism,彩虹,,,,,,,,,,,,,,,,,,,,,,,,,
Status and timer cheat,状态和计时器,,,,,,,,,,,,,,,,,,,,,,,,,
,,,,,,,,,,,,,,,,,,,,,,,,,,
,,,,,,,,,,,,,,,,,,,,,,,,,,
无限耗材Infinite_Consumables,,,,,,,,,,,,,,,,,,,,,,,,,,
[Infinite Consumables] Options,[无限耗材] 设置,,,,,,,,,,,,,,,,,,,,,,,,,
Infinite Consumables Options,无限耗材设置,,,,,,,,,,,,,,,,,,,,,,,,,
Multiplayer being False will override the other individual settings.,如果你关闭了多人模式，那么在多人模式环境下，其他设置也会跟随关闭,,,,,,,,,,,,,,,,,,,,,,,,,
Enabled in Multiplayer Quests,在多人模式中启用,,,,,,,,,,,,,,,,,,,,,,,,,
Infinite Coatings (for Bow),无限瓶子（弓）,,,,,,,,,,,,,,,,,,,,,,,,,
Infinite Ammo (for Bowguns),无限弹药（弩）,,,,,,,,,,,,,,,,,,,,,,,,,
"Infinite Items (Potions, Food, Traps, etc.)",无限物品（药剂、食物、陷阱等）,,,,,,,,,,,,,,,,,,,,,,,,,
"Infinite Endemic Life (Spiders, Beetles, etc)",无限环境生物（蜘蛛、甲虫等）,,,,,,,,,,,,,,,,,,,,,,,,,
,,,,,,,,,,,,,,,,,,,,,,,,,,
BUFF提示Buff_reminder,,,,,,,,,,,,,,,,,,,,,,,,,,
Buff reminder setting,BUFF提示,,,,,,,,,,,,,,,,,,,,,,,,,
Open reminder setting,打开BUFF提示设置,,,,,,,,,,,,,,,,,,,,,,,,,
Buff reminder options,BUFF提示 设置,,,,,,,,,,,,,,,,,,,,,,,,,
"Language (requires \""Reset scripts\"" in REFramework ScriptRunner)",语言（选择后，需要在REF的“脚本工具”中使用“重载脚本”才能生效）,,,,,,,,,,,,,,,,,,,,,,,,,
English,英语,,,,,,,,,,,,,,,,,,,,,,,,,
Traditional Chinese,繁体中文,,,,,,,,,,,,,,,,,,,,,,,,,
Korean,韩语,,,,,,,,,,,,,,,,,,,,,,,,,
Japanese,日语,,,,,,,,,,,,,,,,,,,,,,,,,
Timer Enable,计时器：启用BUFF倒计时,,,,,,,,,,,,,,,,,,,,,,,,,
HP/Stamina Enable,启用HP/耐力数值（作用不大，建议关闭）,,,,,,,,,,,,,,,,,,,,,,,,,
Remind when skill actived,当技能激活时提醒,,,,,,,,,,,,,,,,,,,,,,,,,
Remind when skill worn off,当技能结束时提醒,,,,,,,,,,,,,,,,,,,,,,,,,
"Font size(requires \""Reset scripts\"" in REFramework ScriptRunner)",字体大小（选择后，需要在REF的“脚本工具”中使用“重载脚本”才能生效）,,,,,,,,,,,,,,,,,,,,,,,,,
Timer spacing,计时器间隔,,,,,,,,,,,,,,,,,,,,,,,,,
Timer Width,计时器横向位置,,,,,,,,,,,,,,,,,,,,,,,,,
Timer Height,计时器纵向位置,,,,,,,,,,,,,,,,,,,,,,,,,
HP/Stamina spacing,HP/耐力数值间隔,,,,,,,,,,,,,,,,,,,,,,,,,
HP/Stamina Width,HP/耐力数值横向位置,,,,,,,,,,,,,,,,,,,,,,,,,
HP/Stamina Height,HP/耐力数值纵向位置,,,,,,,,,,,,,,,,,,,,,,,,,
,,,,,,,,,,,,,,,,,,,,,,,,,,
猫饭无限吃,,,,,,,,,,,,,,,,,,,,,,,,,,
"Seconds, Please! Eat more dango",猫饭无限吃,,,,,,,,,,,,,,,,,,,,,,,,,
"Seconds, Please",猫饭无限吃,,,,,,,,,,,,,,,,,,,,,,,,,
Disable in quests (use default timer),在任务内禁止使用,,,,,,,,,,,,,,,,,,,,,,,,,
,,,,,,,,,,,,,,,,,,,,,,,,,,
VIP Dango Ticket VIP团子票,,,,,,,,,,,,,,,,,,,,,,,,,,
[VIP Dango Ticket],[VIP团子券],,,,,,,,,,,,,,,,,,,,,,,,,
[VIP Dango Ticket] Options,VIP团子券 设置,,,,,,,,,,,,,,,,,,,,,,,,,
Get Dango Ticket back after use##VIPDango,使用后取回特制团子券##VIPDango,,,,,,,,,,,,,,,,,,,,,,,,,
Use Dango Ticket as default choice##VIPDango,默认使用特制团子券##VIPDango,,,,,,,,,,,,,,,,,,,,,,,,,
Show all available Dango (including Daily Dango)##VIPDango,显示全部团子（包括每日团子）##VIPDango,,,,,,,,,,,,,,,,,,,,,,,,,
Note: To toggle OFF requires game restart after.,注意: 关闭需要重启游戏.,,,,,,,,,,,,,,,,,,,,,,,,,
Configure Hopping Skewer Dango Levels,配置跃动竹签团子等级,,,,,,,,,,,,,,,,,,,,,,,,,
Top Dango##VIPDango,上团子##VIPDango,,,,,,,,,,,,,,,,,,,,,,,,,
Mid Dango##VIPDango,中团子##VIPDango,,,,,,,,,,,,,,,,,,,,,,,,,
Bot Dango##VIPDango,下团子##VIPDango,,,,,,,,,,,,,,,,,,,,,,,,,
Reset to Defaults##VIPDango,重置为默认值##VIPDango,,,,,,,,,,,,,,,,,,,,,,,,,
,,,,,,,,,,,,,,,,,,,,,,,,,,
Buddy Skill Editor 随从编辑,,,,,,,,,,,,,,,,,,,,,,,,,,
Edit Skills: Buddy Slot 1,编辑技能: 随从1,,,,,,,,,,,,,,,,,,,,,,,,,
Buddy Slot 1 Empty,随从栏1是空的,,,,,,,,,,,,,,,,,,,,,,,,,
Edit Skills: Buddy Slot 2,编辑技能: 随从2,,,,,,,,,,,,,,,,,,,,,,,,,
Buddy Slot 2 Empty,随从栏2是空的,,,,,,,,,,,,,,,,,,,,,,,,,
's Skills,的技能,,,,,,,,,,,,,,,,,,,,,,,,,
Skill Slot 1,技能栏1,,,,,,,,,,,,,,,,,,,,,,,,,
Skill Slot 2,技能栏2,,,,,,,,,,,,,,,,,,,,,,,,,
Skill Slot 3,技能栏3,,,,,,,,,,,,,,,,,,,,,,,,,
Skill Slot 4,技能栏4,,,,,,,,,,,,,,,,,,,,,,,,,
Skill Slot 5,技能栏5,,,,,,,,,,,,,,,,,,,,,,,,,
Skill Slot 6,技能栏6,,,,,,,,,,,,,,,,,,,,,,,,,
Skill Slot 7,技能栏7,,,,,,,,,,,,,,,,,,,,,,,,,
Skill Slot 8,技能栏8,,,,,,,,,,,,,,,,,,,,,,,,,
Support Type,支援类型,,,,,,,,,,,,,,,,,,,,,,,,,
Support Move 1,支援行动1,,,,,,,,,,,,,,,,,,,,,,,,,
Support Move 2,支援行动2,,,,,,,,,,,,,,,,,,,,,,,,,
Support Move 3,支援行动3,,,,,,,,,,,,,,,,,,,,,,,,,
Support Move 4,支援行动4,,,,,,,,,,,,,,,,,,,,,,,,,
Support Move 5,支援行动5,,,,,,,,,,,,,,,,,,,,,,,,,
Healer,治疗,,,,,,,,,,,,,,,,,,,,,,,,,
Assist,协助,,,,,,,,,,,,,,,,,,,,,,,,,
Fight,战斗,,,,,,,,,,,,,,,,,,,,,,,,,
Bombardier,爆破手,,,,,,,,,,,,,,,,,,,,,,,,,
Gathering,收集,,,,,,,,,,,,,,,,,,,,,,,,,
Herbacious Healing,治愈果实栽培之技,,,,,,,,,,,,,,,,,,,,,,,,,
Healing Bubble,回复泡泡之术,,,,,,,,,,,,,,,,,,,,,,,,,
Vase of Vitality,猫式活力壶之技,,,,,,,,,,,,,,,,,,,,,,,,,
Furbidden Acorn,禁忌橡子之技,,,,,,,,,,,,,,,,,,,,,,,,,
Health Horn,回复笛之技,,,,,,,,,,,,,,,,,,,,,,,,,
Felyne Silkbind,猫式铁虫丝束缚之技,,,,,,,,,,,,,,,,,,,,,,,,,
"Go, Fight, Win",应援舞蹈之技,,,,,,,,,,,,,,,,,,,,,,,,,
Summeown Endemic Life,环境生物召唤之技,,,,,,,,,,,,,,,,,,,,,,,,,
Shock Purr-ison,麻痹陷阱之技,,,,,,,,,,,,,,,,,,,,,,,,,
Poison Purr-ison,毒地洞之技,,,,,,,,,,,,,,,,,,,,,,,,,
Rousing Roar,强化咆哮之技,,,,,,,,,,,,,,,,,,,,,,,,,
Whirlwind Assault,龙卷旋风击之技,,,,,,,,,,,,,,,,,,,,,,,,,
Power Drum,强化太鼓之技,,,,,,,,,,,,,,,,,,,,,,,,,
Fleet-foot Feat,闪挪之技,,,,,,,,,,,,,,,,,,,,,,,,,
Furr-ious,愤怒之技,,,,,,,,,,,,,,,,,,,,,,,,,
Felyne Wyvernblast,猫式起爆龙弹之技,,,,,,,,,,,,,,,,,,,,,,,,,
Zap Blast Spinner,噼里啪啦爆弹陀螺之技,,,,,,,,,,,,,,,,,,,,,,,,,
Anti-Monster Mine,设置型爆弹之技,,,,,,,,,,,,,,,,,,,,,,,,,
Flash Bombay,闪光爆弹之技,,,,,,,,,,,,,,,,,,,,,,,,,
Giga Barrel Bombay,特大桶爆弹之技,,,,,,,,,,,,,,,,,,,,,,,,,
Endemic Life Barrage,发射环境生物之技,,,,,,,,,,,,,,,,,,,,,,,,,
Mega Boomerang,巨型回力镖之技,,,,,,,,,,,,,,,,,,,,,,,,,
Camouflage,隐蔽防御之技,,,,,,,,,,,,,,,,,,,,,,,,,
Shock Tripper,发射回旋电虫之技,,,,,,,,,,,,,,,,,,,,,,,,,
Pilfer,抢夺之技,,,,,,,,,,,,,,,,,,,,,,,,,
Attack Up (S),攻击强化之术 (小),,,,,,,,,,,,,,,,,,,,,,,,,
Attack Up (L),攻击强化之术 (大),,,,,,,,,,,,,,,,,,,,,,,,,
Critical Up (S),会心强化之术 (小),,,,,,,,,,,,,,,,,,,,,,,,,
Critical Up (L),会心强化之术 (大),,,,,,,,,,,,,,,,,,,,,,,,,
Element Attack Up,属性攻击强化之术,,,,,,,,,,,,,,,,,,,,,,,,,
Ranged Attack Up,远程攻击强化之术,,,,,,,,,,,,,,,,,,,,,,,,,
Status Attack Up,状态异常攻击强化之术,,,,,,,,,,,,,,,,,,,,,,,,,
Knockout King,击晕之术,,,,,,,,,,,,,,,,,,,,,,,,,
Piercing Attack Up,贯穿攻击强化之术,,,,,,,,,,,,,,,,,,,,,,,,,
Counter,反击之术,,,,,,,,,,,,,,,,,,,,,,,,,
Nine Lives,不屈不饶之术,,,,,,,,,,,,,,,,,,,,,,,,,
Buddy Partbreaker,随从破坏王之术,,,,,,,,,,,,,,,,,,,,,,,,,
Health Up (S),体力强化之术 (小),,,,,,,,,,,,,,,,,,,,,,,,,
Health Up (L),体力强化之术 (大),,,,,,,,,,,,,,,,,,,,,,,,,
Defense Up,防御强化之术,,,,,,,,,,,,,,,,,,,,,,,,,
Omniresistance,全耐性强化之术,,,,,,,,,,,,,,,,,,,,,,,,,
Artful Dodger,善于回避之术,,,,,,,,,,,,,,,,,,,,,,,,,
Medic's Touch,自我回复强化之术,,,,,,,,,,,,,,,,,,,,,,,,,
Recovery Boost,回复量强化之术,,,,,,,,,,,,,,,,,,,,,,,,,
Ailment Artistry,状态异常克服之术,,,,,,,,,,,,,,,,,,,,,,,,,
Buddy Friendship,随从友爱之术,,,,,,,,,,,,,,,,,,,,,,,,,
Pro Parry,善于防御之术,,,,,,,,,,,,,,,,,,,,,,,,,
Buddy Breather,随从休息之术,,,,,,,,,,,,,,,,,,,,,,,,,
Negate Stun,昏厥无效之术,,,,,,,,,,,,,,,,,,,,,,,,,
Negate Paralysis,麻痹无效之术,,,,,,,,,,,,,,,,,,,,,,,,,
Negate Poison,毒无效之术,,,,,,,,,,,,,,,,,,,,,,,,,
Negate Sleep,睡眠无效之术,,,,,,,,,,,,,,,,,,,,,,,,,
Negate Tremor,耐震之术,,,,,,,,,,,,,,,,,,,,,,,,,
Negate Wind Pressure,风压无效之术,,,,,,,,,,,,,,,,,,,,,,,,,
Earplugs,防音之术,,,,,,,,,,,,,,,,,,,,,,,,,
Webproof,丝线束缚无效之术,,,,,,,,,,,,,,,,,,,,,,,,,
Deflagration Relief,爆破·鬼火无效之术,,,,,,,,,,,,,,,,,,,,,,,,,
Ranged-Centric,远程优先之术,,,,,,,,,,,,,,,,,,,,,,,,,
Melee-Centric,近身优先之术,,,,,,,,,,,,,,,,,,,,,,,,,
Support-Centric,支援优先之术,,,,,,,,,,,,,,,,,,,,,,,,,
Changing a Skill will clear the Buddy's Skill Memory to prevent issues.,更改技能将清除随从的技能记忆，以防止出现问题。,,,,,,,,,,,,,,,,,,,,,,,,,
Force Legal Support Move Selection,支援行动强制合法,,,,,,,,,,,,,,,,,,,,,,,,,
,,,,,,,,,,,,,,,,,,,,,,,,,,
,,,,,,,,,,,,,,,,,,,,,,,,,,
Follow Me盟友,,,,,,,,,,,,,,,,,,,,,,,,,,
Fiorayne,菲奥莱娜,,,,,,,,,,,,,,,,,,,,,,,,,
Luchika,露琪卡,,,,,,,,,,,,,,,,,,,,,,,,,
Jae,杰伊,,,,,,,,,,,,,,,,,,,,,,,,,
Rondine,罗德娜,,,,,,,,,,,,,,,,,,,,,,,,,
Arlow,阿尔洛,,,,,,,,,,,,,,,,,,,,,,,,,
Galleus,加雷亚斯,,,,,,,,,,,,,,,,,,,,,,,,,
Hinoa,火芽,,,,,,,,,,,,,,,,,,,,,,,,,
Minoto,水芸,,,,,,,,,,,,,,,,,,,,,,,,,
Fugen,普贤,,,,,,,,,,,,,,,,,,,,,,,,,
Utsushi,倪泰,,,,,,,,,,,,,,,,,,,,,,,,,
Great Sword,巨剑,,,,,,,,,,,,,,,,,,,,,,,,,
Longsword,太刀,,,,,,,,,,,,,,,,,,,,,,,,,
Long sword,太刀,,,,,,,,,,,,,,,,,,,,,,,,,
Sword & Shield,单手剑,,,,,,,,,,,,,,,,,,,,,,,,,
Lance,长枪,,,,,,,,,,,,,,,,,,,,,,,,,
Charge Blade,盾斧,,,,,,,,,,,,,,,,,,,,,,,,,
Gunlance,铳枪,,,,,,,,,,,,,,,,,,,,,,,,,
Light Bowgun,轻弩,,,,,,,,,,,,,,,,,,,,,,,,,
Heavy Bowgun,重弩,,,,,,,,,,,,,,,,,,,,,,,,,
Bow,弓,,,,,,,,,,,,,,,,,,,,,,,,,
Switch Axe,斩击斧,,,,,,,,,,,,,,,,,,,,,,,,,
Insect Glaive,操虫棍,,,,,,,,,,,,,,,,,,,,,,,,,
Hammer,大锤,,,,,,,,,,,,,,,,,,,,,,,,,
Hunting Horn,狩猎笛,,,,,,,,,,,,,,,,,,,,,,,,,
Dual Blades,双剑,,,,,,,,,,,,,,,,,,,,,,,,,
[Follow Me!],[跟着我，盟友！汉化V0.9.0版],,,,,,,,,,,,,,,,,,,,,,,,,
Follow Me!##Settings Window,跟着我，盟友！感谢Laplace提供汉化参考##Settings Window,,,,,,,,,,,,,,,,,,,,,,,,,
You have accepted a Quest in a Lobby,你已经在多人集会中接受了任务,,,,,,,,,,,,,,,,,,,,,,,,,
Followers cannot be edited in this state to prevent desync,在这种状态下，你无法编辑盟友，以防止失去同步,,,,,,,,,,,,,,,,,,,,,,,,,
"Cancel the Quest to edit Followers, then re-post it",请取消当前任务，编辑好盟友后再参加任务,,,,,,,,,,,,,,,,,,,,,,,,,
Follower 1,盟友1,,,,,,,,,,,,,,,,,,,,,,,,,
Follower 2,盟友2,,,,,,,,,,,,,,,,,,,,,,,,,
Follower 3,盟友3,,,,,,,,,,,,,,,,,,,,,,,,,
Follower 4,盟友4,,,,,,,,,,,,,,,,,,,,,,,,,
Equipped Weapon,装备的武器,,,,,,,,,,,,,,,,,,,,,,,,,
None,无,,,,,,,,,,,,,,,,,,,,,,,,,
Random,随机,,,,,,,,,,,,,,,,,,,,,,,,,
Hide Palamute,隐藏牙猎犬,,,,,,,,,,,,,,,,,,,,,,,,,
Advanced settings,高级设置,,,,,,,,,,,,,,,,,,,,,,,,,
Use Four Follower Slots,使用4个盟友栏,,,,,,,,,,,,,,,,,,,,,,,,,
"Only three Followers will be visible in the sidebar, even if there is room enough for all four.",就算可以让四个盟友参与任务，任务时，左边的队友栏中也只能显示前三个盟友的名字。,,,,,,,,,,,,,,,,,,,,,,,,,
Ignore Progress Gates for Followers,无视盟友解锁进度,,,,,,,,,,,,,,,,,,,,,,,,,
"Unless checked, you can only bring Followers if you have unlocked them for Support Surveys.",启动该选项后，无论你是否解锁全部盟友，都能选择他们参与任务,,,,,,,,,,,,,,,,,,,,,,,,,
Allow in Lobbies,允许盟友加入多人集会,,,,,,,,,,,,,,,,,,,,,,,,,
Still exludes Join Requests. Followers must be selected before Quest is posted.,依旧排除了加入请求，发布任务前必须选择盟友。,,,,,,,,,,,,,,,,,,,,,,,,,
No Followers in the Coral Palace (as this crashes players without the mod).,龙宫古城没有盟友（因为这会让没装这个MOD的玩家游戏崩溃）。（就是打风雷神龙的地方）,,,,,,,,,,,,,,,,,,,,,,,,,
"Any applied Monster Scaling will stack multiplicatively with Multiplayer Scaling, so adjust that or face a slog.",任何应用的怪物血量增强都将与多人游戏的怪物血量成倍叠加，因此你最好在下面调整难度，否则会吃瘪。（不调！要的就是这种效果！）,,,,,,,,,,,,,,,,,,,,,,,,,
"WARNING: If there is an communication error that breaks up the Quest, the players will get an infinite load when it ends!",警告：如果有连接错误导致任务中断，玩家将在任务结束时获得无限负载！,,,,,,,,,,,,,,,,,,,,,,,,,
Allow in Arena/Challenge Quests,允许盟友加入斗技场/挑战任务,,,,,,,,,,,,,,,,,,,,,,,,,
Followers will only be allowed in if they have a supported weapon type for the Quest.,只有任务支持该盟友的武器时，盟友才能加入。（特指斗技场）,,,,,,,,,,,,,,,,,,,,,,,,,
Allow Spooooky Clones,允许克隆,,,,,,,,,,,,,,,,,,,,,,,,,
"Funny but buggy. Duplicates share a health pool, and if they aren't assigned different wepaons, you risk random crashes.",逆天整活，盟友共享同一个生命值，如果没有为他们分配不同的武器，会存在随机崩溃的风险。,,,,,,,,,,,,,,,,,,,,,,,,,
Use Palamute Toggles,使用牙猎犬切换,,,,,,,,,,,,,,,,,,,,,,,,,
"The Palamutes will spawn back in if you mount a Palamute yourself, to keep pace. They will despawn when you are back on foot.",如果你自己携带了牙猎犬，MOD会重新生成一个，以保证盟友跟随。如果你取消骑乘，牙猎犬会消失。,,,,,,,,,,,,,,,,,,,,,,,,,
Show Quick Window during Quest Preparation,在任务准备期间显示快捷窗口,,,,,,,,,,,,,,,,,,,,,,,,,
Quick Window Settings##Follow_Me!,快捷窗口设置##Follow_Me!,,,,,,,,,,,,,,,,,,,,,,,,,
Assign Toggle Hotkey,分配切换热键,,,,,,,,,,,,,,,,,,,,,,,,,
KBM##GetHotkeyFollowMe,键鼠按键,,,,,,,,,,,,,,,,,,,,,,,,,
PAD##GetHotkeyFollowMe,手柄按键,,,,,,,,,,,,,,,,,,,,,,,,,
Currently: ,当前热键,,,,,,,,,,,,,,,,,,,,,,,,,
Listening for press...,监听按键中…,,,,,,,,,,,,,,,,,,,,,,,,,
X Position##Follow_Me!,横向位置##Follow_Me!,,,,,,,,,,,,,,,,,,,,,,,,,
Y Position##Follow_Me!,纵向位置##Follow_Me!,,,,,,,,,,,,,,,,,,,,,,,,,
"CTRL + Click on fields to type, then ENTER to confirm",按住Ctrl键并点击你要输入的窗口，输入数值后，回车键确认,,,,,,,,,,,,,,,,,,,,,,,,,
Balance Solo Quests (psuedo-multiplayer),平衡单人任务（虚拟多人模式）,,,,,,,,,,,,,,,,,,,,,,,,,
Followers do player-level damage and Monsters scale with them too.,盟友会造成玩家级别的伤害，怪物也会随之强化。,,,,,,,,,,,,,,,,,,,,,,,,,
Use Custom Scaling Multipliers,使用自定义倍率乘数,,,,,,,,,,,,,,,,,,,,,,,,,
Set your own Monster scaling and Follower damage adjustment.,设置怪物强度和盟友伤害。,,,,,,,,,,,,,,,,,,,,,,,,,
Reset to Vanilla Defaults##CustomDamageMults,重设为普通的默认值,,,,,,,,,,,,,,,,,,,,,,,,,
Reset to Balanced Defaults##CustomDamageMults,重设为平衡的默认值,,,,,,,,,,,,,,,,,,,,,,,,,
Custom Damage Multipliers,使用自定义伤害倍率,,,,,,,,,,,,,,,,,,,,,,,,,
Multipliers for Followers:,盟友的伤害倍率:,,,,,,,,,,,,,,,,,,,,,,,,,
Damage Dealt Mult.,伤害乘数,,,,,,,,,,,,,,,,,,,,,,,,,
Part Breaking Mult.,部位破坏乘数,,,,,,,,,,,,,,,,,,,,,,,,,
Stun/Fatigue Mult.,晕眩/疲劳倍率,,,,,,,,,,,,,,,,,,,,,,,,,
Baseline HP Multiplier for Solo. Total HP multiplier will be:,单人任务怪物HP的基础倍率，总HP倍率将为：,,,,,,,,,,,,,,,,,,,,,,,,,
Base Mult. + (Followers * Scaling Mult.),基础倍率 + (盟友数量 * 强化倍率),,,,,,,,,,,,,,,,,,,,,,,,,
HP Base Mult.,HP基础倍率,,,,,,,,,,,,,,,,,,,,,,,,,
Multipliers for Monsters (per Follower in Quest),怪物强化倍率(任务中每增加1个盟友),,,,,,,,,,,,,,,,,,,,,,,,,
HP Scaling Mult.,HP强化倍率,,,,,,,,,,,,,,,,,,,,,,,,,
Parts Scaling Mult.,部位破坏强化倍率,,,,,,,,,,,,,,,,,,,,,,,,,
Stun/Fatigue Threshold Mult.,晕眩/疲劳阈值 强化倍率.,,,,,,,,,,,,,,,,,,,,,,,,,
"--Character is unloaded, cannot edit--","--字符已卸载, 不能编辑--",,,,,,,,,,,,,,,,,,,,,,,,,
ERROR,错误,,,,,,,,,,,,,,,,,,,,,,,,,
Follow Me! - Quick Window,跟着我，盟友！ - 快捷窗口,,,,,,,,,,,,,,,,,,,,,,,,,
Are any Followers joining you in this next Quest?,是否让盟友加入你的下一次任务？,,,,,,,,,,,,,,,,,,,,,,,,,
No - Zero follower slots assigned,否 - 没有设置盟友,,,,,,,,,,,,,,,,,,,,,,,,,
will join you,会加入,,,,,,,,,,,,,,,,,,,,,,,,,
Yes -,是 -,,,,,,,,,,,,,,,,,,,,,,,,,
Note: These Followers are already part of the Quest and cannot be changed at this point,注意：这些盟友已经是任务的一部分，此时无法更改,,,,,,,,,,,,,,,,,,,,,,,,,
No - Mod functionality disabled,否 - 关闭MOD修改功能,,,,,,,,,,,,,,,,,,,,,,,,,
No - Destination map does not support Followers,否 - 该地图不允许有盟友,,,,,,,,,,,,,,,,,,,,,,,,,
No - Multiplayer active,否 - 多人任务,,,,,,,,,,,,,,,,,,,,,,,,,
No - Disabled in Arena/Challenge Quests,否 - 在竞技场/挑战任务中禁用,,,,,,,,,,,,,,,,,,,,,,,,,
No - Disabled in Multiplayer Anomaly Investigations,否 - 在多人怪异调查任务中禁用,,,,,,,,,,,,,,,,,,,,,,,,,
This currently causes random crashing,当前会导致随机崩溃,,,,,,,,,,,,,,,,,,,,,,,,,
No - Lobby Quest locked in with no participating Followers,否 - 多人集会任务被锁定，没有参与的盟友,,,,,,,,,,,,,,,,,,,,,,,,,
No - Zero follower slots assigned,否 - 没有分配盟友位,,,,,,,,,,,,,,,,,,,,,,,,,
cannot use an appropriate weapon for the Challenge!,需要选择一个适合这个挑战的武器！,,,,,,,,,,,,,,,,,,,,,,,,,
Toggle active with ,切换选择热键：,,,,,,,,,,,,,,,,,,,,,,,,,
Toggle acive with ,切换选择热键：,,,,,,,,,,,,,,,,,,,,,,,,,
,,,,,,,,,,,,,,,,,,,,,,,,,,
Qurious Cheating怪异炼化自定义,,,,,,,,,,,,,,,,,,,,,,,,,,
Qurious Cheating,[怪异炼化自定义] 感谢蛮子哒协助汉化,,,,,,,,,,,,,,,,,,,,,,,,,
Game has not loaded properly yet,游戏尚未正确加载,,,,,,,,,,,,,,,,,,,,,,,,,
Speak to smithy to use,请前往铁匠铺触发对话,,,,,,,,,,,,,,,,,,,,,,,,,
Open the Qurious Armor Crafting menu\nand select a piece to edit,请打开“防具的怪异炼化”菜单，并选择自己需要编辑修改的防具,,,,,,,,,,,,,,,,,,,,,,,,,
Allow skill cheating,允许技能不合法,,,,,,,,,,,,,,,,,,,,,,,,,
Enable Augmentation,启用编辑,,,,,,,,,,,,,,,,,,,,,,,,,
Enable augmentation to edit this piece,选择“启用编辑”以开启修改,,,,,,,,,,,,,,,,,,,,,,,,,
Rarity 1,稀有度 1,,,,,,,,,,,,,,,,,,,,,,,,,
Rarity 2,稀有度 2,,,,,,,,,,,,,,,,,,,,,,,,,
Rarity 3,稀有度 3,,,,,,,,,,,,,,,,,,,,,,,,,
Rarity 4,稀有度 4,,,,,,,,,,,,,,,,,,,,,,,,,
Rarity 5,稀有度 5,,,,,,,,,,,,,,,,,,,,,,,,,
Rarity 6,稀有度 6,,,,,,,,,,,,,,,,,,,,,,,,,
Rarity 7,稀有度 7,,,,,,,,,,,,,,,,,,,,,,,,,
Rarity 8,稀有度 8,,,,,,,,,,,,,,,,,,,,,,,,,
Rarity 9,稀有度 9,,,,,,,,,,,,,,,,,,,,,,,,,
Rarity 10,稀有度 10,,,,,,,,,,,,,,,,,,,,,,,,,
Rarity 11,稀有度 11,,,,,,,,,,,,,,,,,,,,,,,,,
Rarity 12,稀有度 12,,,,,,,,,,,,,,,,,,,,,,,,,
Rarity 13,稀有度 13,,,,,,,,,,,,,,,,,,,,,,,,,
Rarity 14,稀有度 14,,,,,,,,,,,,,,,,,,,,,,,,,
Rarity 15,稀有度 15,,,,,,,,,,,,,,,,,,,,,,,,,
Rarity 16,稀有度 16,,,,,,,,,,,,,,,,,,,,,,,,,
Rarity 17,稀有度 17,,,,,,,,,,,,,,,,,,,,,,,,,
Rarity 18,稀有度 18,,,,,,,,,,,,,,,,,,,,,,,,,
Rarity 19,稀有度 19,,,,,,,,,,,,,,,,,,,,,,,,,
Rarity 20,稀有度 20,,,,,,,,,,,,,,,,,,,,,,,,,
Armor tier,防具等级,,,,,,,,,,,,,,,,,,,,,,,,,
Spent ,已使用,,,,,,,,,,,,,,,,,,,,,,,,,
 out of ,点数，装备基础点数为,,,,,,,,,,,,,,,,,,,,,,,,,
 available points,点,,,,,,,,,,,,,,,,,,,,,,,,,
Legal:,是否合法,,,,,,,,,,,,,,,,,,,,,,,,,
No,否,,,,,,,,,,,,,,,,,,,,,,,,,
Yes,是,,,,,,,,,,,,,,,,,,,,,,,,,
Augmentation 0,强化类型 0,,,,,,,,,,,,,,,,,,,,,,,,,
Augmentation 1,强化类型 1,,,,,,,,,,,,,,,,,,,,,,,,,
Augmentation 2,强化类型 2,,,,,,,,,,,,,,,,,,,,,,,,,
Augmentation 3,强化类型 3,,,,,,,,,,,,,,,,,,,,,,,,,
Augmentation 4,强化类型 4,,,,,,,,,,,,,,,,,,,,,,,,,
Augmentation 5,强化类型 5,,,,,,,,,,,,,,,,,,,,,,,,,
Augmentation 6,强化类型 6,,,,,,,,,,,,,,,,,,,,,,,,,
Augmentation Skill 0,技能选择 0,,,,,,,,,,,,,,,,,,,,,,,,,
Augmentation Skill 1,技能选择 1,,,,,,,,,,,,,,,,,,,,,,,,,
Augmentation Skill 2,技能选择 2,,,,,,,,,,,,,,,,,,,,,,,,,
Augmentation Skill 3,技能选择 3,,,,,,,,,,,,,,,,,,,,,,,,,
Augmentation Skill 4,技能选择 4,,,,,,,,,,,,,,,,,,,,,,,,,
Augmentation Skill 5,技能选择 5,,,,,,,,,,,,,,,,,,,,,,,,,
Augmentation Skill 6,技能选择 6,,,,,,,,,,,,,,,,,,,,,,,,,
Defense -6,防御力 -6,,,,,,,,,,,,,,,,,,,,,,,,,
Defense -12,防御力 -12,,,,,,,,,,,,,,,,,,,,,,,,,
Defense +1,防御力 +1,,,,,,,,,,,,,,,,,,,,,,,,,
Defense +2,防御力 +2,,,,,,,,,,,,,,,,,,,,,,,,,
Defense +3,防御力 +3,,,,,,,,,,,,,,,,,,,,,,,,,
Defense +4,防御力 +4,,,,,,,,,,,,,,,,,,,,,,,,,
Defense +5,防御力 +5,,,,,,,,,,,,,,,,,,,,,,,,,
Defense +6,防御力 +6,,,,,,,,,,,,,,,,,,,,,,,,,
Defense +7,防御力 +7,,,,,,,,,,,,,,,,,,,,,,,,,
Defense +8,防御力 +8,,,,,,,,,,,,,,,,,,,,,,,,,
Defense +9,防御力 +9,,,,,,,,,,,,,,,,,,,,,,,,,
Defense +10,防御力 +10,,,,,,,,,,,,,,,,,,,,,,,,,
Defense +11,防御力 +11,,,,,,,,,,,,,,,,,,,,,,,,,
Defense +12,防御力 +12,,,,,,,,,,,,,,,,,,,,,,,,,
Defense +13,防御力 +13,,,,,,,,,,,,,,,,,,,,,,,,,
Defense +14,防御力 +14,,,,,,,,,,,,,,,,,,,,,,,,,
Defense +15,防御力 +15,,,,,,,,,,,,,,,,,,,,,,,,,
Defense +16,防御力 +16,,,,,,,,,,,,,,,,,,,,,,,,,
Defense +17,防御力 +17,,,,,,,,,,,,,,,,,,,,,,,,,
Defense +18,防御力 +18,,,,,,,,,,,,,,,,,,,,,,,,,
Defense +19,防御力 +19,,,,,,,,,,,,,,,,,,,,,,,,,
Defense +20,防御力 +20,,,,,,,,,,,,,,,,,,,,,,,,,
Defense +21,防御力 +21,,,,,,,,,,,,,,,,,,,,,,,,,
Defense +22,防御力 +22,,,,,,,,,,,,,,,,,,,,,,,,,
Defense +23,防御力 +23,,,,,,,,,,,,,,,,,,,,,,,,,
Defense +24,防御力 +24,,,,,,,,,,,,,,,,,,,,,,,,,
Defense +25,防御力 +25,,,,,,,,,,,,,,,,,,,,,,,,,
Defense +26,防御力 +26,,,,,,,,,,,,,,,,,,,,,,,,,
Defense +27,防御力 +27,,,,,,,,,,,,,,,,,,,,,,,,,
Defense +28,防御力 +28,,,,,,,,,,,,,,,,,,,,,,,,,
Defense +29,防御力 +29,,,,,,,,,,,,,,,,,,,,,,,,,
Defense +30,防御力 +30,,,,,,,,,,,,,,,,,,,,,,,,,
Defense +31,防御力 +31,,,,,,,,,,,,,,,,,,,,,,,,,
Defense +32,防御力 +32,,,,,,,,,,,,,,,,,,,,,,,,,
Defense +33,防御力 +33,,,,,,,,,,,,,,,,,,,,,,,,,
Defense +34,防御力 +34,,,,,,,,,,,,,,,,,,,,,,,,,
Fire Res -1,火耐性 -1,,,,,,,,,,,,,,,,,,,,,,,,,
Fire Res -2,火耐性 -2,,,,,,,,,,,,,,,,,,,,,,,,,
Fire Res -3,火耐性 -3,,,,,,,,,,,,,,,,,,,,,,,,,
Fire Res +1,火耐性 +1,,,,,,,,,,,,,,,,,,,,,,,,,
Fire Res +2,火耐性 +2,,,,,,,,,,,,,,,,,,,,,,,,,
Water Res -1,水耐性 -1,,,,,,,,,,,,,,,,,,,,,,,,,
Water Res -2,水耐性 -2,,,,,,,,,,,,,,,,,,,,,,,,,
Water Res -3,水耐性 -3,,,,,,,,,,,,,,,,,,,,,,,,,
Water Res +1,水耐性 +1,,,,,,,,,,,,,,,,,,,,,,,,,
Water Res +2,水耐性 +2,,,,,,,,,,,,,,,,,,,,,,,,,
Thunder Res -1,雷耐性 -1,,,,,,,,,,,,,,,,,,,,,,,,,
Thunder Res -2,雷耐性 -2,,,,,,,,,,,,,,,,,,,,,,,,,
Thunder Res -3,雷耐性 -3,,,,,,,,,,,,,,,,,,,,,,,,,
Thunder Res +1,雷耐性 +1,,,,,,,,,,,,,,,,,,,,,,,,,
Thunder Res +2,雷耐性 +2,,,,,,,,,,,,,,,,,,,,,,,,,
Ice Res -1,冰耐性 -1,,,,,,,,,,,,,,,,,,,,,,,,,
Ice Res -2,冰耐性 -2,,,,,,,,,,,,,,,,,,,,,,,,,
Ice Res -3,冰耐性 -3,,,,,,,,,,,,,,,,,,,,,,,,,
Ice Res +1,冰耐性 +1,,,,,,,,,,,,,,,,,,,,,,,,,
Ice Res +2,冰耐性 +2,,,,,,,,,,,,,,,,,,,,,,,,,
Dragon Res -1,龙耐性 -1,,,,,,,,,,,,,,,,,,,,,,,,,
Dragon Res -2,龙耐性 -2,,,,,,,,,,,,,,,,,,,,,,,,,
Dragon Res -3,龙耐性 -3,,,,,,,,,,,,,,,,,,,,,,,,,
Dragon Res +1,龙耐性 +1,,,,,,,,,,,,,,,,,,,,,,,,,
Dragon Res +2,龙耐性 +2,,,,,,,,,,,,,,,,,,,,,,,,,
Slot +1,孔位 +1,,,,,,,,,,,,,,,,,,,,,,,,,
Slot +2,孔位 +2,,,,,,,,,,,,,,,,,,,,,,,,,
Slot +3,孔位 +3,,,,,,,,,,,,,,,,,,,,,,,,,
D-Tier Skill,D级技能,,,,,,,,,,,,,,,,,,,,,,,,,
C-Tier Skill,C级技能,,,,,,,,,,,,,,,,,,,,,,,,,
B-Tier Skill,B级技能,,,,,,,,,,,,,,,,,,,,,,,,,
A-Tier Skill,A级技能,,,,,,,,,,,,,,,,,,,,,,,,,
S-Tier Skill,S级技能,,,,,,,,,,,,,,,,,,,,,,,,,
Skill Removal,移除技能,,,,,,,,,,,,,,,,,,,,,,,,,
,,,,,,,,,,,,,,,,,,,,,,,,,,
Better Matchmaking更好匹配,,,,,,,,,,,,,,,,,,,,,,,,,,
Better Matchmaking,更好匹配,,,,,,,,,,,,,,,,,,,,,,,,,
Timeout Fix,超时修复,,,,,,,,,,,,,,,,,,,,,,,,,
Quest Types,任务类型,,,,,,,,,,,,,,,,,,,,,,,,,
Regular,常规,,,,,,,,,,,,,,,,,,,,,,,,,
Rampage,百鬼夜行,,,,,,,,,,,,,,,,,,,,,,,,,
Random MR,随机大师,,,,,,,,,,,,,,,,,,,,,,,,,
Random Anomaly,随机怪异,,,,,,,,,,,,,,,,,,,,,,,,,
Anomaly Investigation,怪异调查,,,,,,,,,,,,,,,,,,,,,,,,,
Region Lock Fix (Join Requests),区域锁定修复（加入请求）,,,,,,,,,,,,,,,,,,,,,,,,,
Distance Filter,距离过滤器,,,,,,,,,,,,,,,,,,,,,,,,,
Explanation,说明,,,,,,,,,,,,,,,,,,,,,,,,,
Close - Only lobbies in the same immediate region will be returned.,关闭 - 仅搜索同一个地区的集会。,,,,,,,,,,,,,,,,,,,,,,,,,
Default - Only lobbies in the same region or nearby regions will be returned.,默认 - 仅搜索同一个地区或附近地区的集会。,,,,,,,,,,,,,,,,,,,,,,,,,
Far - Will return lobbies about half-way around the globe.,远 - 将搜索全球一半地区的集会。,,,,,,,,,,,,,,,,,,,,,,,,,
"Worldwide - No filtering, will match lobbies as far as India to NY",全球 - 无过滤，将匹配从印度到纽约的集会。,,,,,,,,,,,,,,,,,,,,,,,,,
"(not recommended, expect multiple seconds of latency between the clients).",(不推荐，延迟长)。,,,,,,,,,,,,,,,,,,,,,,,,,
Hide Network Errors,隐藏网络错误,,,,,,,,,,,,,,,,,,,,,,,,,
When to hide,何时隐藏,,,,,,,,,,,,,,,,,,,,,,,,,
On Quests,任务中,,,,,,,,,,,,,,,,,,,,,,,,,
Outside Quests,任务外,,,,,,,,,,,,,,,,,,,,,,,,,
Misc,杂项,,,,,,,,,,,,,,,,,,,,,,,,,
Hide Online Warning,隐藏网络连接报错,,,,,,,,,,,,,,,,,,,,,,,,,
Close,关闭,,,,,,,,,,,,,,,,,,,,,,,,,
Default,默认,,,,,,,,,,,,,,,,,,,,,,,,,
Far,远,,,,,,,,,,,,,,,,,,,,,,,,,
Worldwide,全球,,,,,,,,,,,,,,,,,,,,,,,,,
,,,,,,,,,,,,,,,,,,,,,,,,,,
Infinite Buddy Recon无限侦察营地,,,,,,,,,,,,,,,,,,,,,,,,,,
Infinite buddy recon,无限侦查营地,,,,,,,,,,,,,,,,,,,,,,,,,
Village point per use,每次消耗的点数,,,,,,,,,,,,,,,,,,,,,,,,,
,,,,,,,,,,,,,,,,,,,,,,,,,,
Anomaly Investigations Editor怪异调查编辑器,,,,,,,,,,,,,,,,,,,,,,,,,,
Anomaly Investigations Editor,怪异调查编辑器,,,,,,,,,,,,,,,,,,,,,,,,,
Quest Selection And Settings,任务选项和设置,,,,,,,,,,,,,,,,,,,,,,,,,
Edit Level,设置怪异化等级,,,,,,,,,,,,,,,,,,,,,,,,,
Edit Special Open,设置超特殊许可,,,,,,,,,,,,,,,,,,,,,,,,,
Edit Target Num,设置任务目标数,,,,,,,,,,,,,,,,,,,,,,,,,
Edit Quest Life,设置猫车次数,,,,,,,,,,,,,,,,,,,,,,,,,
Edit Time Limit,设置时间限制,,,,,,,,,,,,,,,,,,,,,,,,,
Edit Hunter Num,设置可参与人数,,,,,,,,,,,,,,,,,,,,,,,,,
Edit Time of Day,设置任务时间,,,,,,,,,,,,,,,,,,,,,,,,,
Keep Valid,保持任务合法,,,,,,,,,,,,,,,,,,,,,,,,,
Keeps edited setting within valid range if possible\nWorks ONLY when editing SINGLE setting,应用编辑的选项时尽可能地保持任务合法\n仅在编辑单项设置时有效！,,,,,,,,,,,,,,,,,,,,,,,,,
Quest Selection,任务选项,,,,,,,,,,,,,,,,,,,,,,,,,
All,全部,,,,,,,,,,,,,,,,,,,,,,,,,
Selected,已选择的,,,,,,,,,,,,,,,,,,,,,,,,,
Not Selected,未选择的,,,,,,,,,,,,,,,,,,,,,,,,,
Valid,合法的,,,,,,,,,,,,,,,,,,,,,,,,,
Invalid,非法的,,,,,,,,,,,,,,,,,,,,,,,,,
Filter,筛选,,,,,,,,,,,,,,,,,,,,,,,,,
Select All,全选,,,,,,,,,,,,,,,,,,,,,,,,,
Unselect All,取消全选,,,,,,,,,,,,,,,,,,,,,,,,,
Yes,是,,,,,,,,,,,,,,,,,,,,,,,,,
No,否,,,,,,,,,,,,,,,,,,,,,,,,,
Locked - Editing Disabled,锁定-禁用编辑,,,,,,,,,,,,,,,,,,,,,,,,,
Valid Combinations,合法的组合,,,,,,,,,,,,,,,,,,,,,,,,,
Main target follows MYSTERY rank,任务主要目标遵循怪异化等级,,,,,,,,,,,,,,,,,,,,,,,,,
Sub target follows NORMAL rank,任务次要目标遵循普通等级,,,,,,,,,,,,,,,,,,,,,,,,,
Authorization doesnt check Extra targets and Intruders at all,合法检测不检查非目标怪物和乱入怪物,,,,,,,,,,,,,,,,,,,,,,,,,
4 Target Num works from level 1,任务的主要目标从1级开始,,,,,,,,,,,,,,,,,,,,,,,,,
Normal Rank 11 Rules,合法的怪异化任务规则,,,,,,,,,,,,,,,,,,,,,,,,,
"Extra maps available from level 181(Not for all monsters): Infernal Springs, Arena, Forlorn Arena",从怪异化181级起提供额外地图（并非适用于所有怪物）：狱泉乡、斗技场、塔之秘境,,,,,,,,,,,,,,,,,,,,,,,,,
Quest cant have duplicate monsters.,任务内不能包含重复的怪物,,,,,,,,,,,,,,,,,,,,,,,,,
Quest cant have two Apex monsters.,任务内不能包含两只霸主怪物,,,,,,,,,,,,,,,,,,,,,,,,,
Apex monsters cant be intruders or extra targets.,霸主怪物不能是乱入怪物或非目标怪物,,,,,,,,,,,,,,,,,,,,,,,,,
Risen EDs can appear only as a main target.,怪异克服古龙只能作为任务主要目标,,,,,,,,,,,,,,,,,,,,,,,,,
Mod works only in the lobby with quest counter closed.,mod只能在任务面板关闭和没有承接任务时才能启用,,,,,,,,,,,,,,,,,,,,,,,,,
Quest Count:,任务数量：,,,,,,,,,,,,,,,,,,,,,,,,,
Force Authorization Pass,强制任务通过合法检测,,,,,,,,,,,,,,,,,,,,,,,,,
Editor,编辑器,,,,,,,,,,,,,,,,,,,,,,,,,
Mode,模式,,,,,,,,,,,,,,,,,,,,,,,,,
Single Quest,单人模式（若生成非法任务仅有使用mod者可以承接）,,,,,,,,,,,,,,,,,,,,,,,,,
Multiple Quests,多人模式（仅生成合法任务）,,,,,,,,,,,,,,,,,,,,,,,,,
Quest,任务,,,,,,,,,,,,,,,,,,,,,,,,,
Quests Selected:,所选任务：,,,,,,,,,,,,,,,,,,,,,,,,,
None - 0 - 0,无 - 0 - 0,,,,,,,,,,,,,,,,,,,,,,,,,
Quest Level:,任务等级：,,,,,,,,,,,,,,,,,,,,,,,,,
Map:,地图：,,,,,,,,,,,,,,,,,,,,,,,,,
Monster 1:,怪物1:,,,,,,,,,,,,,,,,,,,,,,,,,
Monster 2:,怪物2:,,,,,,,,,,,,,,,,,,,,,,,,,
Monster 3:,怪物3:,,,,,,,,,,,,,,,,,,,,,,,,,
Monster 4:,怪物4:,,,,,,,,,,,,,,,,,,,,,,,,,
Intruder:,乱入怪物：,,,,,,,,,,,,,,,,,,,,,,,,,
Target Num:,目标数量：,,,,,,,,,,,,,,,,,,,,,,,,,
Time Limit:,时间限制：,,,,,,,,,,,,,,,,,,,,,,,,,
Quest Life:,猫车次数：,,,,,,,,,,,,,,,,,,,,,,,,,
Time of Day:,任务出发时间：,,,,,,,,,,,,,,,,,,,,,,,,,
Hunter Num:,可参与人数：,,,,,,,,,,,,,,,,,,,,,,,,,
Lock:,是否锁定：,,,,,,,,,,,,,,,,,,,,,,,,,
Special Open:,超特殊许可：,,,,,,,,,,,,,,,,,,,,,,,,,
Auth Status:,任务是否合法：,,,,,,,,,,,,,,,,,,,,,,,,,
Map,地图,,,,,,,,,,,,,,,,,,,,,,,,,
Name - Mystery Rank - Normal Rank,怪物名称 - 怪异化等级 - 普通等级,,,,,,,,,,,,,,,,,,,,,,,,,
Always None below 2 Target Num on Extra Maps,在额外地图上，任务目标不少于2个,,,,,,,,,,,,,,,,,,,,,,,,,
Always None below 3 Target Num on Extra Maps,在额外地图上，任务目标不少于3个,,,,,,,,,,,,,,,,,,,,,,,,,
Always None below 4 Target Num,在额外地图上，任务目标不少于4个,,,,,,,,,,,,,,,,,,,,,,,,,
Always None above 2 Target Num,任务目标数高于2时，乱入怪物不存在,,,,,,,,,,,,,,,,,,,,,,,,,
Monster 1,怪物 1,,,,,,,,,,,,,,,,,,,,,,,,,
Monster 2,怪物 2,,,,,,,,,,,,,,,,,,,,,,,,,
Monster 3,怪物 3,,,,,,,,,,,,,,,,,,,,,,,,,
Monster 4,怪物 4,,,,,,,,,,,,,,,,,,,,,,,,,
Intruder,乱入怪物,,,,,,,,,,,,,,,,,,,,,,,,,
Time of Day,任务出发时间,,,,,,,,,,,,,,,,,,,,,,,,,
Special Open,超特殊许可,,,,,,,,,,,,,,,,,,,,,,,,,
You can open Special Quest only if Quest Level is at 300 and you already unlocked them,只有当任务等级为300并且已经完成过任务时，才能打开超特殊许可,,,,,,,,,,,,,,,,,,,,,,,,,
Quest Level,任务等级,,,,,,,,,,,,,,,,,,,,,,,,,
Target Num,目标数量,,,,,,,,,,,,,,,,,,,,,,,,,
Quest Life,猫车次数,,,,,,,,,,,,,,,,,,,,,,,,,
Time Limit,时间限制,,,,,,,,,,,,,,,,,,,,,,,,,
Hunter Num,可参与人数,,,,,,,,,,,,,,,,,,,,,,,,,
Edit Quest,编辑任务,,,,,,,,,,,,,,,,,,,,,,,,,
edit,编辑,,,,,,,,,,,,,,,,,,,,,,,,,
Are you sure?,你确定要这么做吗？,,,,,,,,,,,,,,,,,,,,,,,,,
Lock/Unlock,锁定/解锁,,,,,,,,,,,,,,,,,,,,,,,,,
Valid Combinations,合法的组合,,,,,,,,,,,,,,,,,,,,,,,,,
Dump Monsters,清除怪物,,,,,,,,,,,,,,,,,,,,,,,,,
Generator,任务生成器,,,,,,,,,,,,,,,,,,,,,,,,,
Random Quest Rank,随机任务等级,,,,,,,,,,,,,,,,,,,,,,,,,
Amount,数量,,,,,,,,,,,,,,,,,,,,,,,,,
Generate Random Quest,生成随机任务,,,,,,,,,,,,,,,,,,,,,,,,,
Delete Quests,删除任务,,,,,,,,,,,,,,,,,,,,,,,,,
delete,删除,,,,,,,,,,,,,,,,,,,,,,,,,
Deletes all quests except newest one and locked ones,删除除最新任务和锁定任务外的所有任务,,,,,,,,,,,,,,,,,,,,,,,,,
Probabilities at,各星级怪物在,,,,,,,,,,,,,,,,,,,,,,,,,
Research Level,级出现怪异化任务的概率,,,,,,,,,,,,,,,,,,,,,,,,,
Citadel,城塞高地,,,,,,,,,,,,,,,,,,,,,,,,,
Flooded Forest,水没林,,,,,,,,,,,,,,,,,,,,,,,,,
Frost Islands,冰封群岛,,,,,,,,,,,,,,,,,,,,,,,,,
Jungle,密林,,,,,,,,,,,,,,,,,,,,,,,,,
Lava Caverns,熔岩洞,,,,,,,,,,,,,,,,,,,,,,,,,
Sandy Plains,沙原,,,,,,,,,,,,,,,,,,,,,,,,,
Shrine Ruins,废神社,,,,,,,,,,,,,,,,,,,,,,,,,
Infernal Springs,狱泉乡,,,,,,,,,,,,,,,,,,,,,,,,,
Arena,斗技场,,,,,,,,,,,,,,,,,,,,,,,,,
Forlorn Arena,塔之秘境,,,,,,,,,,,,,,,,,,,,,,,,,
Default,默认,,,,,,,,,,,,,,,,,,,,,,,,,
Day,白天,,,,,,,,,,,,,,,,,,,,,,,,,
Night,夜晚,,,,,,,,,,,,,,,,,,,,,,,,,
Pass,通过,,,,,,,,,,,,,,,,,,,,,,,,,
Fail,失败,,,,,,,,,,,,,,,,,,,,,,,,,
Quest Level Too High,任务等级过高,,,,,,,,,,,,,,,,,,,,,,,,,
Research Level Too Low,调查等级过低,,,,,,,,,,,,,,,,,,,,,,,,,
Invalid Monsters,非法的怪物,,,,,,,,,,,,,,,,,,,,,,,,,
Quest Level Too Low,任务等级过低,,,,,,,,,,,,,,,,,,,,,,,,,
Invalid Quest Conditions,非法的怪物组合,,,,,,,,,,,,,,,,,,,,,,,,,
Invalid Map,非法的地图,,,,,,,,,,,,,,,,,,,,,,,,,
Min Level,最低等级,,,,,,,,,,,,,,,,,,,,,,,,,
All combinations here pass Authorization but that doesnt mean that the game can actually generate those,这里的所有组合都通过了合法检测，但这并不意味着游戏实际上可以生成,,,,,,,,,,,,,,,,,,,,,,,,,
Delimiter:,模式界定：,,,,,,,,,,,,,,,,,,,,,,,,,
e.g.,举例：,,,,,,,,,,,,,,,,,,,,,,,,,
Lagombi - 105 - Citadel - 700001,白兔兽 - 105 - 城塞高地 - 700001,,,,,,,,,,,,,,,,,,,,,,,,,
Volvidon - 150 - Lava Caverns - 700002,赤甲兽 - 150 - 熔岩洞 - 700002,,,,,,,,,,,,,,,,,,,,,,,,,
Lagombi - 200 - Frost Islands - 700003,白兔兽 - 200 - 冰封群岛 - 700003,,,,,,,,,,,,,,,,,,,,,,,,,
Query: lagombi;volvidon,查询: 白兔兽；赤甲兽,,,,,,,,,,,,,,,,,,,,,,,,,
Result:,结果：,,,,,,,,,,,,,,,,,,,,,,,,,
Query: lagombi;citadel,查询: 白兔兽；城塞高地,,,,,,,,,,,,,,,,,,,,,,,,,
Searching by level is also supported,还支持按等级搜索,,,,,,,,,,,,,,,,,,,,,,,,,
"Operators: !=, >=, <=, <, >, =","玩家怪异调查等级：=, >=, <=, <, >, =",,,,,,,,,,,,,,,,,,,,,,,,,
Query: >=150,查询： >=150,,,,,,,,,,,,,,,,,,,,,,,,,
Yes - Editing Disabled,是-禁用编辑,,,,,,,,,,,,,,,,,,,,,,,,,
stars,星级,,,,,,,,,,,,,,,,,,,,,,,,,
Rathian,雌火龙,,,,,,,,,,,,,,,,,,,,,,,,,
Anjanath,蛮颚龙,,,,,,,,,,,,,,,,,,,,,,,,,
Pukei-Pukei,毒妖鸟,,,,,,,,,,,,,,,,,,,,,,,,,
Kulu-Ya-Ku,骚鸟,,,,,,,,,,,,,,,,,,,,,,,,,
Jyuratodus,泥鱼龙,,,,,,,,,,,,,,,,,,,,,,,,,
Tobi-Kadachi,飞雷龙,,,,,,,,,,,,,,,,,,,,,,,,,
Bazelgeuse,爆鳞龙,,,,,,,,,,,,,,,,,,,,,,,,,
Furious Rajang,激昂金狮子（赛亚人V2）,,,,,,,,,,,,,,,,,,,,,,,,,
Malzeno,爵银龙（爵爵子）,,,,,,,,,,,,,,,,,,,,,,,,,
Lunagaron,冰狼龙,,,,,,,,,,,,,,,,,,,,,,,,,
Garangolm,刚缠兽,,,,,,,,,,,,,,,,,,,,,,,,,
Espinas,棘龙,,,,,,,,,,,,,,,,,,,,,,,,,
Crimson Glow Valstrax,天慧龙,,,,,,,,,,,,,,,,,,,,,,,,,
Scorned Magnamalo,嗟怨震天怨虎龙（明日香）,,,,,,,,,,,,,,,,,,,,,,,,,
Apex Rathian,霸主雌火龙,,,,,,,,,,,,,,,,,,,,,,,,,
Apex Rathalos,霸主雄火龙,,,,,,,,,,,,,,,,,,,,,,,,,
Apex Arzuros,霸主青熊兽,,,,,,,,,,,,,,,,,,,,,,,,,
Apex Mizutsune,霸主泡狐龙,,,,,,,,,,,,,,,,,,,,,,,,,
Daimyo Hermitaur,大名盾蟹,,,,,,,,,,,,,,,,,,,,,,,,,
Rathalos,雄火龙,,,,,,,,,,,,,,,,,,,,,,,,,
Shogun Ceanataur,将军镰蟹,,,,,,,,,,,,,,,,,,,,,,,,,
Rajang,金狮子（赛亚人）,,,,,,,,,,,,,,,,,,,,,,,,,
Kushala Daora,钢龙,,,,,,,,,,,,,,,,,,,,,,,,,
Chameleos,霞龙,,,,,,,,,,,,,,,,,,,,,,,,,
Teostra,炎王龙,,,,,,,,,,,,,,,,,,,,,,,,,
Khezu,奇怪龙,,,,,,,,,,,,,,,,,,,,,,,,,
Tigrex,轰龙（车车子）,,,,,,,,,,,,,,,,,,,,,,,,,
Blood Orange Bishaten,绯天狗兽,,,,,,,,,,,,,,,,,,,,,,,,,
Aurora Somnacanth,冰人鱼龙,,,,,,,,,,,,,,,,,,,,,,,,,
Pyre Rakna-Kadaki,炽妃蜘蛛,,,,,,,,,,,,,,,,,,,,,,,,,
Magma Almudron,熔翁龙,,,,,,,,,,,,,,,,,,,,,,,,,
Nargacuga,迅龙,,,,,,,,,,,,,,,,,,,,,,,,,
Basarios,岩龙,,,,,,,,,,,,,,,,,,,,,,,,,
Barioth,冰牙龙,,,,,,,,,,,,,,,,,,,,,,,,,
Barroth,土砂龙,,,,,,,,,,,,,,,,,,,,,,,,,
Royal Ludroth,水兽,,,,,,,,,,,,,,,,,,,,,,,,,
Great Baggi,眠狗龙王,,,,,,,,,,,,,,,,,,,,,,,,,
Zinogre,雷狼龙（雷娘）,,,,,,,,,,,,,,,,,,,,,,,,,
Great Wroggi,毒狗龙王,,,,,,,,,,,,,,,,,,,,,,,,,
Arzuros,青熊兽,,,,,,,,,,,,,,,,,,,,,,,,,
Lagombi,白兔兽,,,,,,,,,,,,,,,,,,,,,,,,,
Volvidon,赤甲兽,,,,,,,,,,,,,,,,,,,,,,,,,
Diablos,角龙,,,,,,,,,,,,,,,,,,,,,,,,,
Gore Magala,黑蚀龙,,,,,,,,,,,,,,,,,,,,,,,,,
Shagaru Magala,天廻龙,,,,,,,,,,,,,,,,,,,,,,,,,
Seregios,千刃龙,,,,,,,,,,,,,,,,,,,,,,,,,
Astalos,电龙,,,,,,,,,,,,,,,,,,,,,,,,,
Mizutsune,泡狐龙,,,,,,,,,,,,,,,,,,,,,,,,,
Magnamalo,怨虎龙（胖虎）,,,,,,,,,,,,,,,,,,,,,,,,,
Bishaten,天狗兽,,,,,,,,,,,,,,,,,,,,,,,,,
Aknosom,伞鸟,,,,,,,,,,,,,,,,,,,,,,,,,
Tetranadon,河童蛙,,,,,,,,,,,,,,,,,,,,,,,,,
Somnacanth,人鱼龙,,,,,,,,,,,,,,,,,,,,,,,,,
Rakna-Kadaki,妃蜘蛛,,,,,,,,,,,,,,,,,,,,,,,,,
Almudron,泥翁龙（粪龙）,,,,,,,,,,,,,,,,,,,,,,,,,
Goss Harag,雪鬼兽,,,,,,,,,,,,,,,,,,,,,,,,,
Great Izuchi,镰鼬龙王,,,,,,,,,,,,,,,,,,,,,,,,,
Gold Rathian,金火龙,,,,,,,,,,,,,,,,,,,,,,,,,
Seething Bazelgeuse,红莲爆鳞龙,,,,,,,,,,,,,,,,,,,,,,,,,
Silver Rathalos,银火龙,,,,,,,,,,,,,,,,,,,,,,,,,
Chaotic Gore Magala,混沌黑蚀龙,,,,,,,,,,,,,,,,,,,,,,,,,
Flaming Espinas,棘茶龙,,,,,,,,,,,,,,,,,,,,,,,,,
Violet Mizutsune,焰狐龙,,,,,,,,,,,,,,,,,,,,,,,,,
Lucent Nargacuga,月迅龙,,,,,,,,,,,,,,,,,,,,,,,,,
Risen Chameleos,怪异克服霞龙,,,,,,,,,,,,,,,,,,,,,,,,,
Velkhana,冰呪龙,,,,,,,,,,,,,,,,,,,,,,,,,
Risen Kushala Daora,怪异克服钢龙,,,,,,,,,,,,,,,,,,,,,,,,,
Risen Shagaru Magala,怪异克服天廻龙,,,,,,,,,,,,,,,,,,,,,,,,,
Risen Crimson Glow Valstrax,怪异克服神秘红光天慧龙,,,,,,,,,,,,,,,,,,,,,,,,,
Risen Chameleos,怪异克服霞龙,,,,,,,,,,,,,,,,,,,,,,,,,
Amatsu,岚龙,,,,,,,,,,,,,,,,,,,,,,,,,
Apex Diablos,霸主角龙,,,,,,,,,,,,,,,,,,,,,,,,,
Apex Zinogre,霸主雷狼龙,,,,,,,,,,,,,,,,,,,,,,,,,
Primordial Malzeno,原初形态爵银龙,,,,,,,,,,,,,,,,,,,,,,,,,
,,,,,,,,,,,,,,,,,,,,,,,,,,
Eternal Sale and Lottery永恒促销和抽奖,,,,,,,,,,,,,,,,,,,,,,,,,,
[Eternal Sale] Options,[永恒促销抽奖] 设置,,,,,,,,,,,,,,,,,,,,,,,,,
Eternal Sale,永恒促销,,,,,,,,,,,,,,,,,,,,,,,,,
Always Jackpot,必定头彩,,,,,,,,,,,,,,,,,,,,,,,,,
Force Antique Lottery (until all found),强制出古董手办（直到你拿完全部）,,,,,,,,,,,,,,,,,,,,,,,,,
,,,,,,,,,,,,,,,,,,,,,,,,,,
Skip Dango Song跳过猫饭动画,,,,,,,,,,,,,,,,,,,,,,,,,,
Skip Dango Song,跳过猫饭动画,,,,,,,,,,,,,,,,,,,,,,,,,
Credits to DSC-173(DSC173 on Nexus) for the code for\n telling which skills have activated!,感谢DSC-173（Nexus上的DSC173）的代码，\n告诉您哪些技能已激活！,,,,,,,,,,,,,,,,,,,,,,,,,
Credits to LatencyKG on Nexus for figuring out\n how to display HP and Stamina dynamically\n and how to go straight to the end of the animation\n when not skipping eating!,感谢Nexus上的LatencyKG，\n因为他，我了解了如何动态显示HP和耐力，\n以及如何在不跳过进食的情况下直接进入动画的结尾！,,,,,,,,,,,,,,,,,,,,,,,,,
Made by Raff,作者：Raff,,,,,,,,,,,,,,,,,,,,,,,,,
Skip the song,跳过唱歌,,,,,,,,,,,,,,,,,,,,,,,,,
Skip eating,跳过吃饭,,,,,,,,,,,,,,,,,,,,,,,,,
Skip Motley Mix,跳过Motley Mix,,,,,,,,,,,,,,,,,,,,,,,,,
,,,,,,,,,,,,,,,,,,,,,,,,,,
Talisman Quest Reward任务奖励护石,,,,,,,,,,,,,,,,,,,,,,,,,,
Talisman Reward,任务奖励护石,,,,,,,,,,,,,,,,,,,,,,,,,
Rewards Configuration,奖励配置,,,,,,,,,,,,,,,,,,,,,,,,,
Endgame Mode,游戏结束时奖励,,,,,,,,,,,,,,,,,,,,,,,,,
Percent,奖励概率,,,,,,,,,,,,,,,,,,,,,,,,,
Message,信息,,,,,,,,,,,,,,,,,,,,,,,,,
Overwrite Game Language,修改游戏内的语言,,,,,,,,,,,,,,,,,,,,,,,,,
,,,,,,,,,,,,,,,,,,,,,,,,,,
Reward multiplier结算奖励倍率,,,,,,,,,,,,,,,,,,,,,,,,,,
Reward multiplier,结算奖励倍率,,,,,,,,,,,,,,,,,,,,,,,,,
Money Multiplier,金币倍率,,,,,,,,,,,,,,,,,,,,,,,,,
kamuraPoint Multiplier,焰火点数倍率,,,,,,,,,,,,,,,,,,,,,,,,,
Exp Multiplier (exclude anomaly research),猎人经验倍率（不包括怪异研究）,,,,,,,,,,,,,,,,,,,,,,,,,
Master Exp Multiplier (exclude anomaly research),大师经验倍率（不包括怪异研究）,,,,,,,,,,,,,,,,,,,,,,,,,
Anomaly research Exp Multiplier,怪异研究经验倍率,,,,,,,,,,,,,,,,,,,,,,,,,
,,,,,,,,,,,,,,,,,,,,,,,,,,
Tactician (Skill)战术专家,,,,,,,,,,,,,,,,,,,,,,,,,,
Tactician,战术专家,,,,,,,,,,,,,,,,,,,,,,,,,
Increases damage against monsters\nwith broken parts.,每破坏一次怪物的部位时\n获得额外的伤害加成。,,,,,,,,,,,,,,,,,,,,,,,,,
Grants attack +3% and\nelement +5% for each broken\npart,每破坏一个部位\n增加3%伤害和5%属性伤害。,,,,,,,,,,,,,,,,,,,,,,,,,
Additionally deals 5%\nincreased part damage for\neach broken part.,每破坏一个部位\n额外增加5%部位破坏伤害。,,,,,,,,,,,,,,,,,,,,,,,,,
Part damage bonus is\nincreased to 10% for\neach broken part.,部位破坏伤害提升至10%。,,,,,,,,,,,,,,,,,,,,,,,,,
Strategy Jewel 3,战术珠【3】,,,,,,,,,,,,,,,,,,,,,,,,,
A decoration that enhances\nthe Tactician skill.,能够提升\n战术专家技能的装饰品。,,,,,,,,,,,,,,,,,,,,,,,,,
,,,,,,,,,,,,,,,,,,,,,,,,,,
No random scale monster(怪物大小金),,,,,,,,,,,,,,,,,,,,,,,,,,
Fixed Enemy Scale setting,怪物固定大小设置,,,,,,,,,,,,,,,,,,,,,,,,,
enable this mod,启用MOD,,,,,,,,,,,,,,,,,,,,,,,,,
Max possible scale,大金,,,,,,,,,,,,,,,,,,,,,,,,,
Min possible scale,小金,,,,,,,,,,,,,,,,,,,,,,,,,
"Most possible scale(Mid, usually 1.00)","正常比例(中, 通常为1.00)",,,,,,,,,,,,,,,,,,,,,,,,,
Disable the script,禁用脚本,,,,,,,,,,,,,,,,,,,,,,,,,
,,,,,,,,,,,,,,,,,,,,,,,,,,
散碎文本,,,,,,,,,,,,,,,,,,,,,,,,,,
All Monster Is Anomaly Research Target,所有怪异BOSS都是委托目标,,,,,,,,,,,,,,,,,,,,,,,,,
German,德语,,,,,,,,,,,,,,,,,,,,,,,,,
Simplified Chinese,简体中文,,,,,,,,,,,,,,,,,,,,,,,,,
Language,语言,,,,,,,,,,,,,,,,,,,,,,,,,
Save,保存,,,,,,,,,,,,,,,,,,,,,,,,,
,,,,,,,,,,,,,,,,,,,,,,,,,,
REFramework,,,,,,,,,,,,,,,,,,,,,,,,,,
"Make sure to tick ""Enabled"" for any of the below settings to take effect.",勾选下面的“启用”来让设置生效。,,,,,,,,,,,,,,,,,,,,,,,,,
Enabled,启用,,,,,,,,,,,,,,,,,,,,,,,,,
Disable Vignette,禁用晕影,,,,,,,,,,,,,,,,,,,,,,,,,
Vignette Brightness,晕影亮度,,,,,,,,,,,,,,,,,,,,,,,,,
"These below settings are separate and do not require ""Enabled"" to be ticked.",这个设置会一直生效，无需点击上面的“启用”,,,,,,,,,,,,,,,,,,,,,,,,,
Use Custom Global FOV,使用自定义全局FOV视角,,,,,,,,,,,,,,,,,,,,,,,,,
Global FOV,全局FOV,,,,,,,,,,,,,,,,,,,,,,,,,
Camera,视角,,,,,,,,,,,,,,,,,,,,,,,,,
Show In Cutscenes,在剪接场景中显示,,,,,,,,,,,,,,,,,,,,,,,,,
VR Specific Settings,VR具体设置,,,,,,,,,,,,,,,,,,,,,,,,,
Smooth XZ Movement (VR),平滑XZ移动(VR),,,,,,,,,,,,,,,,,,,,,,,,,
Smooth Y Movement (VR),平滑Y移动(VR),,,,,,,,,,,,,,,,,,,,,,,,,
Roomscale Movement (VR),,,,,,,,,,,,,,,,,,,,,,,,,,
Adjust Hand Offset,,,,,,,,,,,,,,,,,,,,,,,,,,
Scale Debug,,,,,,,,,,,,,,,,,,,,,,,,,,
Scale Debug 2,,,,,,,,,,,,,,,,,,,,,,,,,,
Offset Debug,,,,,,,,,,,,,,,,,,,,,,,,,,
VR Scale,VR缩放,,,,,,,,,,,,,,,,,,,,,,,,,
Controller rotation (Left),控制器旋转(左),,,,,,,,,,,,,,,,,,,,,,,,,
Controller rotation (Right),控制器旋转(右),,,,,,,,,,,,,,,,,,,,,,,,,
Controller position (Left),控制器方向(左),,,,,,,,,,,,,,,,,,,,,,,,,
Controller position (Right),控制器方向(右),,,,,,,,,,,,,,,,,,,,,,,,,
Controller 1,控制器1,,,,,,,,,,,,,,,,,,,,,,,,,
Controller 2,控制器2,,,,,,,,,,,,,,,,,,,,,,,,,
General Settings,常规设置,,,,,,,,,,,,,,,,,,,,,,,,,
Disable Camera Light,禁用闪光灯,,,,,,,,,,,,,,,,,,,,,,,,,
Hide Joint Mesh,隐藏关节网,,,,,,,,,,,,,,,,,,,,,,,,,
Force Rotate Joint,强制旋转关节,,,,,,,,,,,,,,,,,,,,,,,,,
Rotate Body,旋转身体,,,,,,,,,,,,,,,,,,,,,,,,,
Change Toggle Key,更改切换键,,,,,,,,,,,,,,,,,,,,,,,,,
CameraOffset,镜头偏移,,,,,,,,,,,,,,,,,,,,,,,,,
CameraSpeed,镜头速度,,,,,,,,,,,,,,,,,,,,,,,,,
CameraShake,镜头抖动,,,,,,,,,,,,,,,,,,,,,,,,,
FOVOffset,FOV偏移,,,,,,,,,,,,,,,,,,,,,,,,,
FOVMultiplier,FOV倍增,,,,,,,,,,,,,,,,,,,,,,,,,
CurrentFOV,当前FOV,,,,,,,,,,,,,,,,,,,,,,,,,
BodyRotateSpeed,身体旋转速度,,,,,,,,,,,,,,,,,,,,,,,,,
Joint,,,,,,,,,,,,,,,,,,,,,,,,,,
Joints,,,,,,,,,,,,,,,,,,,,,,,,,,
FirstPerson,第一人称,,,,,,,,,,,,,,,,,,,,,,,,,
Lock Position,锁定视角,,,,,,,,,,,,,,,,,,,,,,,,,
Disable Character Movement,禁用角色移动,,,,,,,,,,,,,,,,,,,,,,,,,
Toggle Key,切换,,,,,,,,,,,,,,,,,,,,,,,,,
Move camera up Key,视角向上移动,,,,,,,,,,,,,,,,,,,,,,,,,
Move camera down Key,视角向下移动,,,,,,,,,,,,,,,,,,,,,,,,,
Lock Position Toggle Key,禁用位置切换键,,,,,,,,,,,,,,,,,,,,,,,,,
Disable Movement Toggle Key,禁用移动切换键,,,,,,,,,,,,,,,,,,,,,,,,,
Speed modifier Fast key,快速移动,,,,,,,,,,,,,,,,,,,,,,,,,
Speed modifier Slow key,减速移动,,,,,,,,,,,,,,,,,,,,,,,,,
Rotation Speed,旋转速度,,,,,,,,,,,,,,,,,,,,,,,,,
Speed,移动速度,,,,,,,,,,,,,,,,,,,,,,,,,
Speed Modifier,移动速度补正,,,,,,,,,,,,,,,,,,,,,,,,,
FreeCam,自由视角,,,,,,,,,,,,,,,,,,,,,,,,,
Ultrawide/Aspect Ratio Fix,超宽/纵横比修复,,,,,,,,,,,,,,,,,,,,,,,,,
Ultrawide: Enable Vertical FOV,超宽:启用垂直视野,,,,,,,,,,,,,,,,,,,,,,,,,
Ultrawide: Override FOV,超宽:覆盖FOV,,,,,,,,,,,,,,,,,,,,,,,,,
Ultrawide: FOV Multiplier,超宽:视野放大,,,,,,,,,,,,,,,,,,,,,,,,,
GUI Options,GUI设置,,,,,,,,,,,,,,,,,,,,,,,,,
Hide GUI,隐藏GUI,,,,,,,,,,,,,,,,,,,,,,,,,
Graphics,图像显示设置,,,,,,,,,,,,,,,,,,,,,,,,,
Unable to get module size,无法获取模块尺寸,,,,,,,,,,,,,,,,,,,,,,,,,
Performance,性能,,,,,,,,,,,,,,,,,,,,,,,,,
Enable Profiling,启用性能分析,,,,,,,,,,,,,,,,,,,,,,,,,
Application Entry Times,,,,,,,,,,,,,,,,,,,,,,,,,,
Total REFramework Time: %.3fms,,,,,,,,,,,,,,,,,,,,,,,,,,
Total Game Time: %.3fms,,,,,,,,,,,,,,,,,,,,,,,,,,
Game Time: %s: %.2fms,,,,,,,,,,,,,,,,,,,,,,,,,,
REFramework Pre Time: %.2fms,,,,,,,,,,,,,,,,,,,,,,,,,,
REFramework Post Time: %.2fms,,,,,,,,,,,,,,,,,,,,,,,,,,
Total Time: %.2fms,,,,,,,,,,,,,,,,,,,,,,,,,,
PositionHooks,,,,,,,,,,,,,,,,,,,,,,,,,,
IntegrityCheckBypass,,,,,,,,,,,,,,,,,,,,,,,,,,
Change Key,切换按键,,,,,,,,,,,,,,,,,,,,,,,,,
Ignore Light Power On Zones,,,,,,,,,,,,,,,,,,,,,,,,,,
Light power on zones: %i\n,,,,,,,,,,,,,,,,,,,,,,,,,,
ManualFlashlight,,,,,,,,,,,,,,,,,,,,,,,,,,
Loaded plugins:,已加载插件：,,,,,,,,,,,,,,,,,,,,,,,,,
No plugins loaded.,无已加载插件。,,,,,,,,,,,,,,,,,,,,,,,,,
Errors:,错误：,,,,,,,,,,,,,,,,,,,,,,,,,
Warnings:,警告：,,,,,,,,,,,,,,,,,,,,,,,,,
PluginLoader,插件,,,,,,,,,,,,,,,,,,,,,,,,,
Configuration,设置,,,,,,,,,,,,,,,,,,,,,,,,,
Menu Key,显示/隐藏热键,,,,,,,,,,,,,,,,,,,,,,,,,
Remember Menu Open/Closed State,界面显示/隐藏是否保存,,,,,,,,,,,,,,,,,,,,,,,,,
Font Size,字体大小,,,,,,,,,,,,,,,,,,,,,,,,,
REFrameworkConfig,REFramework设置,,,,,,,,,,,,,,,,,,,,,,,,,
Timescale (Toggle) Key,时间比例（切换）热键,,,,,,,,,,,,,,,,,,,,,,,,,
Timescale (Continuous) Key,时间比例（持续）热键,,,,,,,,,,,,,,,,,,,,,,,,,
Use Application Timescale,使用应用程序时间刻度,,,,,,,,,,,,,,,,,,,,,,,,,
Timescale,时间尺度,,,,,,,,,,,,,,,,,,,,,,,,,
Scene,场景设置,,,,,,,,,,,,,,,,,,,,,,,,,
Script Generated UI,脚本配置界面,,,,,,,,,,,,,,,,,,,,,,,,,
Run script,运行脚本,,,,,,,,,,,,,,,,,,,,,,,,,
Reset scripts,重载脚本,,,,,,,,,,,,,,,,,,,,,,,,,
Spawn Debug Console,呼出调试控制台,,,,,,,,,,,,,,,,,,,,,,,,,
Garbage Collection Stats,垃圾收集统计信息,,,,,,,,,,,,,,,,,,,,,,,,,
Megabytes in use: %.2f,已使用MB:%.2f,,,,,,,,,,,,,,,,,,,,,,,,,
Garbage Collection Handler,垃圾收集处理管理器,,,,,,,,,,,,,,,,,,,,,,,,,
Garbage Collection Mode,垃圾收集模式,,,,,,,,,,,,,,,,,,,,,,,,,
Minor GC Multiplier,次垃圾收集倍增,,,,,,,,,,,,,,,,,,,,,,,,,
Major GC Multiplier,主垃圾收集倍增,,,,,,,,,,,,,,,,,,,,,,,,,
Garbage Collection Type,垃圾收集类型,,,,,,,,,,,,,,,,,,,,,,,,,
Garbage Collection Budget,垃圾收集预算,,,,,,,,,,,,,,,,,,,,,,,,,
Log Lua Errors to Disk,将Lua错误记录到磁盘,,,,,,,,,,,,,,,,,,,,,,,,,
Last Error Time: %.2f seconds ago,上次报错时间: %.2f 秒前,,,,,,,,,,,,,,,,,,,,,,,,,
Last Script Error: %s,上一个脚本错误: %s,,,,,,,,,,,,,,,,,,,,,,,,,
No Script Errors... yet!,没有脚本错误…牛逼！,,,,,,,,,,,,,,,,,,,,,,,,,
Loaded scripts:,已加载脚本:,,,,,,,,,,,,,,,,,,,,,,,,,
No scripts loaded.,无脚本加载。,,,,,,,,,,,,,,,,,,,,,,,,,
ScriptRunner,脚本运行设置,,,,,,,,,,,,,,,,,,,,,,,,,
%s not loaded: %s not found,%s 未加载: %s 妹找着啊……,,,,,,,,,,,,,,,,,,,,,,,,,
Please drop the %s file into the game's directory if you want to use %s,请把 %s文件放入游戏目录，如果要使用 %s,,,,,,,,,,,,,,,,,,,,,,,,,
%s not loaded: %s,%s 未加载: %s,,,,,,,,,,,,,,,,,,,,,,,,,
%s not loaded: Unknown error,%s 未加载: 未知错误,,,,,,,,,,,,,,,,,,,,,,,,,
No runtime loaded.,没有运行时被加载。,,,,,,,,,,,,,,,,,,,,,,,,,
Hardware scheduling: %s,硬件调度中:%s,,,,,,,,,,,,,,,,,,,,,,,,,
Disabled,禁用,,,,,,,,,,,,,,,,,,,,,,,,,
WARNING: Hardware-accelerated GPU scheduling is enabled. This will cause the game to run slower.,警告：已启用硬件加速GPU调度。这将导致游戏运行较慢。,,,,,,,,,,,,,,,,,,,,,,,,,
"Go into your Windows Graphics settings and disable ""Hardware-accelerated GPU scheduling""",进入Windows图形设置并禁用“硬件加速GPU调度”,,,,,,,,,,,,,,,,,,,,,,,,,
VR Runtime: %s,VR运行时间: %s,,,,,,,,,,,,,,,,,,,,,,,,,
Render Resolution: %d x %d,渲染分辨率: %d x %d,,,,,,,,,,,,,,,,,,,,,,,,,
Resolution can be changed in SteamVR,分辨率可以在SteamVR中更改,,,,,,,,,,,,,,,,,,,,,,,,,
Bindings,绑定,,,,,,,,,,,,,,,,,,,,,,,,,
Resolution Scale,分辨率缩放,,,,,,,,,,,,,,,,,,,,,,,,,
Sync Mode,同步模式,,,,,,,,,,,,,,,,,,,,,,,,,
Early,,,,,,,,,,,,,,,,,,,,,,,,,,
Set Standing Height,,,,,,,,,,,,,,,,,,,,,,,,,,
Set Standing Origin,,,,,,,,,,,,,,,,,,,,,,,,,,
Recenter View,,,,,,,,,,,,,,,,,,,,,,,,,,
Reinitialize Runtime,,,,,,,,,,,,,,,,,,,,,,,,,,
Set Standing Origin Key,,,,,,,,,,,,,,,,,,,,,,,,,,
Recenter View Key,,,,,,,,,,,,,,,,,,,,,,,,,,
Use AFR,,,,,,,,,,,,,,,,,,,,,,,,,,
Decoupled Camera Pitch,,,,,,,,,,,,,,,,,,,,,,,,,,
Positional Tracking,,,,,,,,,,,,,,,,,,,,,,,,,,
Head Oriented Audio,,,,,,,,,,,,,,,,,,,,,,,,,,
Use Custom View Distance,,,,,,,,,,,,,,,,,,,,,,,,,,
View Distance/FarZ,,,,,,,,,,,,,,,,,,,,,,,,,,
Inactivity Timer,,,,,,,,,,,,,,,,,,,,,,,,,,
Joystick Deadzone,手柄死角,,,,,,,,,,,,,,,,,,,,,,,,,
2D UI Scale,2D UI缩放,,,,,,,,,,,,,,,,,,,,,,,,,
2D UI Distance,,,,,,,,,,,,,,,,,,,,,,,,,,
World-Space UI Scale,,,,,,,,,,,,,,,,,,,,,,,,,,
Overlay Rotation,,,,,,,,,,,,,,,,,,,,,,,,,,
Overlay Position,,,,,,,,,,,,,,,,,,,,,,,,,,
Graphical Options,,,,,,,,,,,,,,,,,,,,,,,,,,
Force Uncap FPS,,,,,,,,,,,,,,,,,,,,,,,,,,
Force Disable TAA,,,,,,,,,,,,,,,,,,,,,,,,,,
Force Disable Motion Blur,,,,,,,,,,,,,,,,,,,,,,,,,,
Force Disable V-Sync,,,,,,,,,,,,,,,,,,,,,,,,,,
Force Disable Lens Distortion,,,,,,,,,,,,,,,,,,,,,,,,,,
Force Disable Volumetrics,,,,,,,,,,,,,,,,,,,,,,,,,,
Force Disable Lens Flares,,,,,,,,,,,,,,,,,,,,,,,,,,
Force Enable Dynamic Shadows,,,,,,,,,,,,,,,,,,,,,,,,,,
Allow Engine Overlays,,,,,,,,,,,,,,,,,,,,,,,,,,
Desktop Recording Fix,,,,,,,,,,,,,,,,,,,,,,,,,,
Desktop,桌面,,,,,,,,,,,,,,,,,,,,,,,,,
Skip Present,,,,,,,,,,,,,,,,,,,,,,,,,,
Debug info,调试信息,,,,,,,,,,,,,,,,,,,,,,,,,
Disable Projection Matrix Override,,,,,,,,,,,,,,,,,,,,,,,,,,
Disable GUI Projection Matrix Override,,,,,,,,,,,,,,,,,,,,,,,,,,
Disable View Matrix Override,,,,,,,,,,,,,,,,,,,,,,,,,,
Disable Backbuffer Size Override,,,,,,,,,,,,,,,,,,,,,,,,,,
Disable Temporal Fix,,,,,,,,,,,,,,,,,,,,,,,,,,
Disable Post Effect Fix,,,,,,,,,,,,,,,,,,,,,,,,,,
Enable Asynchronous Rendering,,,,,,,,,,,,,,,,,,,,,,,,,,
Prediction Scale,,,,,,,,,,,,,,,,,,,,,,,,,,
Raw Left,,,,,,,,,,,,,,,,,,,,,,,,,,
Raw Right,,,,,,,,,,,,,,,,,,,,,,,,,,
Avg Input Processing Delay (MS),,,,,,,,,,,,,,,,,,,,,,,,,,
VR,VR,,,,,,,,,,,,,,,,,,,,,,,,,
Default Menu Key: Insert,默认菜单按键：Insert,,,,,,,,,,,,,,,,,,,,,,,,,
Transparency,透明,,,,,,,,,,,,,,,,,,,,,,,,,
Makes the UI transparent when not focused.,让REF在未选中时变得透明。,,,,,,,,,,,,,,,,,,,,,,,,,
Input Passthrough,UI透过,,,,,,,,,,,,,,,,,,,,,,,,,
Allows mouse and keyboard inputs to register to the game while the UI is focused.,让鼠标能够穿过REF界面点击到游戏内。,,,,,,,,,,,,,,,,,,,,,,,,,
REFramework is currently initializing...,REFramework当前正在初始化……,,,,,,,,,,,,,,,,,,,,,,,,,
This menu will close after initialization if you have the remember option enabled.,如果启用了“保存”选项，此菜单将在初始化后关闭。,,,,,,,,,,,,,,,,,,,,,,,,,
REFramework error: %s,REFramework错误: %s,,,,,,,,,,,,,,,,,,,,,,,,,
About,关于,,,,,,,,,,,,,,,,,,,,,,,,,
!!!REFramework Title!!!,REFramework汉化版 MHR Ver1.2.5,,,,,,,,,,,,,,,,,,,,,,,,
Author: praydog,"作者：praydog
汉化：花舞-踩蘑菇MOD汉化组
版本：MHR Ver1.2.5
内核：470fe85
反馈群：608262198",,,,,,,,,,,,,,,,,,,,,,,,,
Inspired by the Kanan project.,灵感来自Kanan项目。,,,,,,,,,,,,,,,,,,,,,,,,,
Engine information,引擎信息,,,,,,,,,,,,,,,,,,,,,,,,,
Unable to determine engine version.,无法确定引擎版本。,,,,,,,,,,,,,,,,,,,,,,,,,
An unknown error has occurred.,发生未知错误。,,,,,,,,,,,,,,,,,,,,,,,,,
Initialization of mods failed. Reason: {},mods初始化失败，原因: {},,,,,,,,,,,,,,,,,,,,,,,,,
DeveloperTools,开发者工具,,,,,,,,,,,,,,,,,,,,,,,,
ChainViewer,区块链可视化,,,,,,,,,,,,,,,,,,,,,,,,
GameObjectsDisplay,游戏资源显示,,,,,,,,,,,,,,,,,,,,,,,,
Max Distance for GameObjects,游戏资源显示距离,,,,,,,,,,,,,,,,,,,,,,,,
ObjectExplorer,资源管理器,,,,,,,,,,,,,,,,,,,,,,,,
Dump SDK,转储SDK,,,,,,,,,,,,,,,,,,,,,,,,
Singletons,,,,,,,,,,,,,,,,,,,,,,,,,
Native Singletons,,,,,,,,,,,,,,,,,,,,,,,,,
Renderer,渲染器,,,,,,,,,,,,,,,,,,,,,,,,
Types,类型,,,,,,,,,,,,,,,,,,,,,,,,
Search using Regex,,,,,,,,,,,,,,,,,,,,,,,,,
Type Name,类型名称,,,,,,,,,,,,,,,,,,,,,,,,
Method Signature,,,,,,,,,,,,,,,,,,,,,,,,,
Field Signature,,,,,,,,,,,,,,,,,,,,,,,,,
Method Address,,,,,,,,,,,,,,,,,,,,,,,,,
REObject Address,,,,,,,,,,,,,,,,,,,,,,,,,
Create new game object,创建新的游戏资源,,,,,,,,,,,,,,,,,,,,,,,,
LooseFileLoader,松散文件加载器,,,,,,,,,,,,,,,,,,,,,,,,
Enable Loose File Loader,启动松散文件加载器,,,,,,,,,,,,,,,,,,,,,,,,
Files encountered: %d,搜索到的文件：%d,,,,,,,,,,,,,,,,,,,,,,,,
Loose files loaded: %d,已加载的松散文件：%d,,,,,,,,,,,,,,,,,,,,,,,,
Clear stats,清理统计数据,,,,,,,,,,,,,,,,,,,,,,,,
Show recent files,显示最近的文件,,,,,,,,,,,,,,,,,,,,,,,,
Recent accessed files,最近访问文件,,,,,,,,,,,,,,,,,,,,,,,,
Recent loose files,最近松散文件,,,,,,,,,,,,,,,,,,,,,,,,
自定义怪物击杀慢动作,,,,,,,,,,,,,,,,,,,,,,,,,,
No Kill-Cam + SlowMo,自定义怪物击杀+慢动作,,,,,,,,,,,,,,,,,,,,,,,,,
Disable KillCam,禁用击杀镜头,,,,,,,,,,,,,,,,,,,,,,,,,
Disable Other Cams,禁用其他镜头,,,,,,,,,,,,,,,,,,,,,,,,,
Disable UI on Kill,禁用击杀界面,,,,,,,,,,,,,,,,,,,,,,,,,
Use SlowMo,启动慢动作,,,,,,,,,,,,,,,,,,,,,,,,,
Use SlowMo Online,在多人游戏时启动慢动作,,,,,,,,,,,,,,,,,,,,,,,,,
Use Motion Blur In SlowMo,在慢动作时启动动态模糊,,,,,,,,,,,,,,,,,,,,,,,,,
SlowMo Speed,慢动作速度,,,,,,,,,,,,,,,,,,,,,,,,,
SlowMo Duration,慢动作持续时间,,,,,,,,,,,,,,,,,,,,,,,,,
SlowMo Ramp,慢动作过渡速度,,,,,,,,,,,,,,,,,,,,,,,,,
Activate For All Monsters,对所有怪物激活慢动作,,,,,,,,,,,,,,,,,,,,,,,,,
Activate By Any Player,由任意玩家激活慢动作,,,,,,,,,,,,,,,,,,,,,,,,,
Activate by Enemies,随从/怪物被击杀时激活慢动作,,,,,,,,,,,,,,,,,,,,,,,,,
Activate on Capture,捕获时激活慢动作,,,,,,,,,,,,,,,,,,,,,,,,,
Disables flying cam cutscene at end of quest.,在任务结束时禁用无人机拍摄镜头。,,,,,,,,,,,,,,,,,,,,,,,,,
Disable cutscene for fast travel and return to village.,禁用快速传送和返回村庄的动画镜头。,,,,,,,,,,,,,,,,,,,,,,,,,
Turns off the UI when SlowMo activates.,当慢动作启动时禁用UI界面。,,,,,,,,,,,,,,,,,,,,,,,,,
It's mostly fine online.\nBut you can change it here.,在线时基本没问题。\n但你可以在这里更改。,,,,,,,,,,,,,,,,,,,,,,,,,
Adds as much motion blur as the game can handle during SlowMo.,在慢动作中添加尽可能多的运动模糊。,,,,,,,,,,,,,,,,,,,,,,,,,
Percentage speed to use when slowing time.,慢动作时使用的速度百分比。,,,,,,,,,,,,,,,,,,,,,,,,,
Length of SlowMo in seconds.,慢动作的持续时间。（以秒为单位）,,,,,,,,,,,,,,,,,,,,,,,,,
How quickly the SlowMo transitions.,决定了慢动作的过渡速度的快慢。,,,,,,,,,,,,,,,,,,,,,,,,,
"Whether or not to activate for all monsters,\nnot just the target.",是否对所有怪物激活，\n不仅仅只有目标怪物。,,,,,,,,,,,,,,,,,,,,,,,,,
Whether or not to activate SlowMo if other players get the kill.,如果其他玩家被击杀，是否启动慢动作。,,,,,,,,,,,,,,,,,,,,,,,,,
Whether or not to activate SlowMo if a buddy or enemy gets the kill.,如果随从或敌人被击杀，是否启动慢动作。,,,,,,,,,,,,,,,,,,,,,,,,,
(Theoretically) activate SlowMo on moster capture or not.,（理论上）是否在怪物被捕获时激活慢动作。,,,,,,,,,,,,,,,,,,,,,,,,,
Toggles,切换,,,,,,,,,,,,,,,,,,,,,,,,,
Slides,调节,,,,,,,,,,,,,,,,,,,,,,,,,
Activation Toggles,激活设置,,,,,,,,,,,,,,,,,,,,,,,,,
Please update mod menu API.,请更新「MOD菜单API」。,,,,,,,,,,,,,,,,,,,,,,,,,
It does what it says on the tin.,MOD会照着这个说明去做。,,,,,,,,,,,,,,,,,,,,,,,,,
,,,,,,,,,,,,,,,,,,,,,,,,,,
autoBuff(自动喝药),,,,,,,,,,,,,,,,,,,,,,,,,,
사용,发动,,,,,,,,,,,,,,,,,,,,,,,,,
그레이트 귀인약,鬼人药G,,,,,,,,,,,,,,,,,,,,,,,,,
괴력씨앗,怪力种子,,,,,,,,,,,,,,,,,,,,,,,,,
귀인약,鬼人药,,,,,,,,,,,,,,,,,,,,,,,,,
귀인의 가루,鬼人粉尘,,,,,,,,,,,,,,,,,,,,,,,,,
경화약,硬化药,,,,,,,,,,,,,,,,,,,,,,,,,
인내씨앗,忍耐种子,,,,,,,,,,,,,,,,,,,,,,,,,
그레이트 경화약,硬化药G,,,,,,,,,,,,,,,,,,,,,,,,,
경화의 가루,硬化粉尘,,,,,,,,,,,,,,,,,,,,,,,,,
강주약,强走药,,,,,,,,,,,,,,,,,,,,,,,,,
잘익은 생선,烤鱼,,,,,,,,,,,,,,,,,,,,,,,,,
활력제,活力剂,,,,,,,,,,,,,,,,,,,,,,,,,
자동 버프 작동,自动buff激活,,,,,,,,,,,,,,,,,,,,,,,,,
type choose,类型选择,,,,,,,,,,,,,,,,,,,,,,,,,
Automatically When buff times out,自动在buff结束时补充,,,,,,,,,,,,,,,,,,,,,,,,,
Gestures(Show Off2),决胜姿势2,,,,,,,,,,,,,,,,,,,,,,,,,
HardorSoft (肉质可视化),,,,,,,,,,,,,,,,,,,,,,,,,,
Hard or Soft,肉质可视化,,,,,,,,,,,,,,,,,,,,,,,,,
Blademaster,近战,,,,,,,,,,,,,,,,,,,,,,,,,
Weakness Exploit,弱点特效,,,,,,,,,,,,,,,,,,,,,,,,,
Weakness Exploit And Element Exploit,弱点特效和弱点特效[属性],,,,,,,,,,,,,,,,,,,,,,,,,
Mind's Eye,心眼,,,,,,,,,,,,,,,,,,,,,,,,,
Mind's Eye And Element Exploit,心眼和弱点特效[属性],,,,,,,,,,,,,,,,,,,,,,,,,
Neither,心眼弱特均不触发,,,,,,,,,,,,,,,,,,,,,,,,,
Gunner,远程,,,,,,,,,,,,,,,,,,,,,,,,,
Change the color of the damage to the site where the Mind's Eye and Weakness Exploit are triggered.,修改心眼和弱点特效的颜色为指定颜色,,,,,,,,,,,,,,,,,,,,,,,,,
Enable,启用,,,,,,,,,,,,,,,,,,,,,,,,,
Neither And Element Exploit,心眼弱特均不触发但触发弱点特效属性,,,,,,,,,,,,,,,,,,,,,,,,,
Explosion,爆破,,,,,,,,,,,,,,,,,,,,,,,,,
Buddy Attack,随从攻击,,,,,,,,,,,,,,,,,,,,,,,,,
Element Exploit Trigger Hitzone,属性弱特触发需要的属性值,,,,,,,,,,,,,,,,,,,,,,,,,
Display Negative Value In Case Of Element Exploit,在属性弱特触发的情况下 以减数形式显示伤害(与伤害数字显示魔改不接容),,,,,,,,,,,,,,,,,,,,,,,,,
Other,其他,,,,,,,,,,,,,,,,,,,,,,,,,
The display is negative only for the part where Element Exploit is activated. Actual damage is non-negative,仅对激活 弱点特效属性的部分显示为负。 实际伤害是非负的,,,,,,,,,,,,,,,,,,,,,,,,,
Element Exploit of Skill is 20. Element Exploit of Rampage Decorations is 25,技能弱点特效[属性]是20 百龙技能的则为25,,,,,,,,,,,,,,,,,,,,,,,,,
,,,,,,,,,,,,,,,,,,,,,,,,,,
Quest manager(任务一键完成),,,,,,,,,,,,,,,,,,,,,,,,,,
Quest Manager,任务管理器,,,,,,,,,,,,,,,,,,,,,,,,,
Clear Quest,清除任务,,,,,,,,,,,,,,,,,,,,,,,,,
You will not get monsters rewards,你不会获得任何素材奖励,,,,,,,,,,,,,,,,,,,,,,,,,
Big Monsters,大型怪物,,,,,,,,,,,,,,,,,,,,,,,,,
Unknown,未知,,,,,,,,,,,,,,,,,,,,,,,,,
Force exit,强制击退,,,,,,,,,,,,,,,,,,,,,,,,,
Kill and exit,讨伐,,,,,,,,,,,,,,,,,,,,,,,,,
Not instantaneous,非即时的,,,,,,,,,,,,,,,,,,,,,,,,,
Request go away,离开,,,,,,,,,,,,,,,,,,,,,,,,,
Capture,捕获,,,,,,,,,,,,,,,,,,,,,,,,,
Kill,讨伐,,,,,,,,,,,,,,,,,,,,,,,,,
(Target),(任务目标),,,,,,,,,,,,,,,,,,,,,,,,,
Not in quest...,不在任务中...,,,,,,,,,,,,,,,,,,,,,,,,,
End quest time,任务结束时间,,,,,,,,,,,,,,,,,,,,,,,,,
Settings,设置,,,,,,,,,,,,,,,,,,,,,,,,,
,,,,,,,,,,,,,,,,,,,,,,,,,,
Granular Qurious Crafting 怪异炼化锁词条,,,,,,,,,,,,,,,,,,,,,,,,,,
Currently in slot: ,当前强化:,,,,,,,,,,,,,,,,,,,,,,,,,
\nAvailable Budget:,\n可用预算:,,,,,,,,,,,,,,,,,,,,,,,,,
Lock qurious slot,锁怪异强化,,,,,,,,,,,,,,,,,,,,,,,,,
,,,,,,,,,,,,,,,,,,,,,,,,,,
Persistent Buff Glow Removal 去除BUFF发光,,,,,,,,,,,,,,,,,,,,,,,,,,
[Remove Buff Glow],[去除BUFF发光],,,,,,,,,,,,,,,,,,,,,,,,,
[Remove Buff Glow] Options,[去除BUFF发光] 设置,,,,,,,,,,,,,,,,,,,,,,,,,
"Standard Buff Effects (Atk Up, Def Up) and Kinsect Buffs",标准Buff效果（攻击上升、防御上升）和猎虫Buff,,,,,,,,,,,,,,,,,,,,,,,,,
Zone change to apply any changes.,部分更改或应用全体更改,,,,,,,,,,,,,,,,,,,,,,,,,
Less Glow##StdGlow,减少发光##StdGlow,,,,,,,,,,,,,,,,,,,,,,,,,
Minimal Glow##StdGlow,中等发光##StdGlow,,,,,,,,,,,,,,,,,,,,,,,,,
No Glow##StdGlow,没有发光##StdGlow,,,,,,,,,,,,,,,,,,,,,,,,,
Active on all Players##StdGlow,对所有玩家生效##StdGlow,,,,,,,,,,,,,,,,,,,,,,,,,
Active on Buddies##StdGlow,对随从生效##StdGlow,,,,,,,,,,,,,,,,,,,,,,,,,
Great Sword##BuffGlow,巨剑##BuffGlow,,,,,,,,,,,,,,,,,,,,,,,,,
Charge Levels,生效范围,,,,,,,,,,,,,,,,,,,,,,,,,
Remove effects from Player##GSCharge,移除玩家的效果##GSCharge,,,,,,,,,,,,,,,,,,,,,,,,,
Remove effects from all Players##GSCharge,移除所有玩家的效果##GSCharge,,,,,,,,,,,,,,,,,,,,,,,,,
Sword & Shield##BuffGlow,单手剑##BuffGlow,,,,,,,,,,,,,,,,,,,,,,,,,
Remove effects from Player##SNSCharge,移除玩家的效果##SNSCharge,,,,,,,,,,,,,,,,,,,,,,,,,
Remove effects from all Players##SNSCharge,移除所有玩家的效果##SNSCharge,,,,,,,,,,,,,,,,,,,,,,,,,
Dual Blades##BuffGlow,双剑##BuffGlow,,,,,,,,,,,,,,,,,,,,,,,,,
Demon Mode,鬼人化,,,,,,,,,,,,,,,,,,,,,,,,,
Remove effects from Player##DBDemon,移除玩家的效果##DBDemon,,,,,,,,,,,,,,,,,,,,,,,,,
Remove effects from all Players##DBDemon,移除所有玩家的效果##DBDemon,,,,,,,,,,,,,,,,,,,,,,,,,
Archdemon Mode,鬼人兽,,,,,,,,,,,,,,,,,,,,,,,,,
Remove effects from Player##DBArchdemon,移除玩家的效果##DBArchdemon,,,,,,,,,,,,,,,,,,,,,,,,,
Remove effects from all Players##DBArchdemon,移除所有玩家的效果##DBArchdemon,,,,,,,,,,,,,,,,,,,,,,,,,
Ironshine Buff,磨刀Buff,,,,,,,,,,,,,,,,,,,,,,,,,
Remove effects from Player##DBSharpness,移除玩家的效果##DBSharpness,,,,,,,,,,,,,,,,,,,,,,,,,
Remove effects from all Players##DBSharpness,移除所有玩家的效果##DBSharpness,,,,,,,,,,,,,,,,,,,,,,,,,
Hammer##BuffGlow,大锤##BuffGlow,,,,,,,,,,,,,,,,,,,,,,,,,
Remove effects from Player##HCharge,移除玩家的效果##HCharge,,,,,,,,,,,,,,,,,,,,,,,,,
Remove effects from all Players##HCharge,移除所有玩家的效果##HCharge,,,,,,,,,,,,,,,,,,,,,,,,,
Charge Blade##BuffGlow,盾斧##BuffGlow,,,,,,,,,,,,,,,,,,,,,,,,,
Charged Shield,红盾,,,,,,,,,,,,,,,,,,,,,,,,,
Remove effects from Player##CBShield,移除玩家的效果##CBShield,,,,,,,,,,,,,,,,,,,,,,,,,
Remove effects from all Players##CBShield,移除所有玩家的效果##CBShield,,,,,,,,,,,,,,,,,,,,,,,,,
Charged Sword,红剑,,,,,,,,,,,,,,,,,,,,,,,,,
Remove effects from Player##CBSword,移除玩家的效果##CBSword,,,,,,,,,,,,,,,,,,,,,,,,,
Remove effects from all Players##CBSword,移除所有玩家的效果##CBSword,,,,,,,,,,,,,,,,,,,,,,,,,
Insect Glaive##BuffGlow,操虫棍##BuffGlow,,,,,,,,,,,,,,,,,,,,,,,,,
Triple Kinsect Buff,三种猎虫Buff,,,,,,,,,,,,,,,,,,,,,,,,,
Remove effects from Player##IGTriple,移除玩家的效果##IGTriple,,,,,,,,,,,,,,,,,,,,,,,,,
Remove effects from all Players##IGTriple,移除所有玩家的效果##IGTriple,,,,,,,,,,,,,,,,,,,,,,,,,
"For individual Kinsect buffs, edit the 'Standard Buffs (Atk Up, Def Up)' above",可以在上面的“标准Buff”中选择对单个猎虫的生效,,,,,,,,,,,,,,,,,,,,,,,,,
Heavy Bowgun##BuffGlow,重弩##BuffGlow,,,,,,,,,,,,,,,,,,,,,,,,,
Remove effects from Player##HBCharge,移除玩家的效果##HBCharge,,,,,,,,,,,,,,,,,,,,,,,,,
Remove effects from all Players##HBCharge,移除所有玩家的效果##HBCharge,,,,,,,,,,,,,,,,,,,,,,,,,
Bow##BuffGlow,弓##BuffGlow,,,,,,,,,,,,,,,,,,,,,,,,,
Remove effects from Player##BowCharge,移除玩家的效果##BowCharge,,,,,,,,,,,,,,,,,,,,,,,,,
Remove effects from all Players##BowCharge,移除所有玩家的效果##BowCharge,,,,,,,,,,,,,,,,,,,,,,,,,
,,,,,,,,,,,,,,,,,,,,,,,,,,
Name Change Utility修改名字,,,,,,,,,,,,,,,,,,,,,,,,,,
,,,,,,,,,,,,,,,,,,,,,,,,,,
NameChangeUtil,名字修改器,,,,,,,,,,,,,,,,,,,,,,,,,
You can only use this in the title screen.,你只能在游戏标题页面使用此mod,,,,,,,,,,,,,,,,,,,,,,,,,
Loading,按下任意键,,,,,,,,,,,,,,,,,,,,,,,,,
Slot,选择存档,,,,,,,,,,,,,,,,,,,,,,,,,
This slot is empty,此存档为空,,,,,,,,,,,,,,,,,,,,,,,,,
Name,名字,,,,,,,,,,,,,,,,,,,,,,,,,
Change name,修改名字,,,,,,,,,,,,,,,,,,,,,,,,,
Successfully changed name from , 成功将名字从 ,,,,,,,,,,,,,,,,,,,,,,,,,
 to , 修改为 ,,,,,,,,,,,,,,,,,,,,,,,,,
.\nRemember to play with the character and save in order to apply.,.\n修改完成后请进入此存档并保存确保修改生效,,,,,,,,,,,,,,,,,,,,,,,,,
,,,,,,,,,,,,,,,,,,,,,,,,,,
Auto Light Bowgun轻弩自动连射,,,,,,,,,,,,,,,,,,,,,,,,,,
,,,,,,,,,,,,,,,,,,,,,,,,,,
Auto Light Bowgun,轻弩自动连射,,,,,,,,,,,,,,,,,,,,,,,,,
Enabled,启用,,,,,,,,,,,,,,,,,,,,,,,,,
In Battle Only,仅在战斗中生效,,,,,,,,,,,,,,,,,,,,,,,,,
Trigger when :,触发条件：,,,,,,,,,,,,,,,,,,,,,,,,,
Mouse Setting,鼠标设置,,,,,,,,,,,,,,,,,,,,,,,,,
Enabled Mouse,启用鼠标,,,,,,,,,,,,,,,,,,,,,,,,,
Trigger Key :,触发键：,,,,,,,,,,,,,,,,,,,,,,,,,
Aim Key :,瞄准键：,,,,,,,,,,,,,,,,,,,,,,,,,
Reset Keys,重置键位,,,,,,,,,,,,,,,,,,,,,,,,,
Gamepad Setting,手柄设置,,,,,,,,,,,,,,,,,,,,,,,,,
Enabled Gamepad,启用手柄,,,,,,,,,,,,,,,,,,,,,,,,,
Press a button ...,按下任意键,,,,,,,,,,,,,,,,,,,,,,,,,
Left Mouse Button,鼠标左键,,,,,,,,,,,,,,,,,,,,,,,,,
Right Mouse Button,鼠标右键,,,,,,,,,,,,,,,,,,,,,,,,,
Control-Break,控制中断,,,,,,,,,,,,,,,,,,,,,,,,,
Middle Mouse Button,鼠标中键,,,,,,,,,,,,,,,,,,,,,,,,,
Wheel Up,滚轮向上,,,,,,,,,,,,,,,,,,,,,,,,,
Wheel Down,滚轮向下,,,,,,,,,,,,,,,,,,,,,,,,,
X1 Mouse Button,鼠标X1键,,,,,,,,,,,,,,,,,,,,,,,,,
X2 Mouse Button,鼠标X2键,,,,,,,,,,,,,,,,,,,,,,,,,
Left Button,LB键/L1键,,,,,,,,,,,,,,,,,,,,,,,,,
Left Trigger,LT键/L2键,,,,,,,,,,,,,,,,,,,,,,,,,
Right Button,RB键/R1键,,,,,,,,,,,,,,,,,,,,,,,,,
Right Trigger,RT键/R2键,,,,,,,,,,,,,,,,,,,,,,,,,
Aim & Firing,瞄准和射击同时按下时,,,,,,,,,,,,,,,,,,,,,,,,,
Only Firing,仅在射击时,,,,,,,,,,,,,,,,,,,,,,,,,
Only Aiming,仅在瞄准时,,,,,,,,,,,,,,,,,,,,,,,,,
,,,,,,,,,,,,,,,,,,,,,,,,,,
Auto Light Bowgun轻重弩自动连射,,,,,,,,,,,,,,,,,,,,,,,,,,
,,,,,,,,,,,,,,,,,,,,,,,,,,
Auto Light Bowgun,轻重弩自动连射,,,,,,,,,,,,,,,,,,,,,,,,,
Enable,启用,,,,,,,,,,,,,,,,,,,,,,,,,
In Battle Only,仅在战斗中生效,,,,,,,,,,,,,,,,,,,,,,,,,
Important! HBG is not working with Crouching Shot (Switch Skill).,注意：自动连射在重弩蹲射模式时不生效,,,,,,,,,,,,,,,,,,,,,,,,,
Enable HBG (Experimental),启用重弩自动连射（实验功能）,,,,,,,,,,,,,,,,,,,,,,,,,
Trigger when :,触发条件：,,,,,,,,,,,,,,,,,,,,,,,,,
Enabled Mouse,启用鼠标,,,,,,,,,,,,,,,,,,,,,,,,,
Mouse Setting,鼠标设置,,,,,,,,,,,,,,,,,,,,,,,,,
Firing Key :,射击键：,,,,,,,,,,,,,,,,,,,,,,,,,
Aim Key :,瞄准键：,,,,,,,,,,,,,,,,,,,,,,,,,
HBG Trigger Key :,重弩自动连射触发键：,,,,,,,,,,,,,,,,,,,,,,,,,
Important! Please adjust the Firing Key and Aim Key to match,注意：请将mod内的射击键和瞄准键设置为与游戏键位相对应的键位,,,,,,,,,,,,,,,,,,,,,,,,,
your in-game keybind for shooting and reticle aiming.,你在游戏内设置的射击键和瞄准键键位将应用于mod的对应键位,,,,,,,,,,,,,,,,,,,,,,,,,
Reset Keys,重置键位,,,,,,,,,,,,,,,,,,,,,,,,,
Gamepad Setting,手柄设置,,,,,,,,,,,,,,,,,,,,,,,,,
Enabled Gamepad,启用手柄,,,,,,,,,,,,,,,,,,,,,,,,,
Press a button ...,按下任意键,,,,,,,,,,,,,,,,,,,,,,,,,
Left Mouse Button,鼠标左键,,,,,,,,,,,,,,,,,,,,,,,,,
Right Mouse Button,鼠标右键,,,,,,,,,,,,,,,,,,,,,,,,,
Control-Break,控制中断,,,,,,,,,,,,,,,,,,,,,,,,,
Middle Mouse Button,鼠标中键,,,,,,,,,,,,,,,,,,,,,,,,,
Wheel Up,滚轮向上,,,,,,,,,,,,,,,,,,,,,,,,,
Wheel Down,滚轮向下,,,,,,,,,,,,,,,,,,,,,,,,,
X1 Mouse Button,鼠标X1键,,,,,,,,,,,,,,,,,,,,,,,,,
X2 Mouse Button,鼠标X2键,,,,,,,,,,,,,,,,,,,,,,,,,
Left Button,LB键/L1键,,,,,,,,,,,,,,,,,,,,,,,,,
Left Trigger,LT键/L2键,,,,,,,,,,,,,,,,,,,,,,,,,
Right Button,RB键/R1键,,,,,,,,,,,,,,,,,,,,,,,,,
Right Trigger,RT键/R2键,,,,,,,,,,,,,,,,,,,,,,,,,
Aim & Firing,瞄准和射击同时按下时,,,,,,,,,,,,,,,,,,,,,,,,,
Only Firing,仅在射击时,,,,,,,,,,,,,,,,,,,,,,,,,
Only Aiming,仅在瞄准时,,,,,,,,,,,,,,,,,,,,,,,,,
,,,,,,,,,,,,,,,,,,,,,,,,,,
Auto Quest自动任务,,,,,,,,,,,,,,,,,,,,,,,,,,
,,,,,,,,,,,,,,,,,,,,,,,,,,
Can't join hub quests while not in the lobby.,不在集会时不能加入集会任务,,,,,,,,,,,,,,,,,,,,,,,,,
No quests to join.,没有可加入的任务,,,,,,,,,,,,,,,,,,,,,,,,,
Invalid Quest ID.,无效的任务ID,,,,,,,,,,,,,,,,,,,,,,,,,
Cant be played online.,无法在线游玩,,,,,,,,,,,,,,,,,,,,,,,,,
Can't join chosen quest type.,无法加入选定的任务类型,,,,,,,,,,,,,,,,,,,,,,,,,
Something went wrong.,出了一些问题,,,,,,,,,,,,,,,,,,,,,,,,,
Menu selection timeout.,菜单选择超时,,,,,,,,,,,,,,,,,,,,,,,,,
All quests are full.,所有任务都已满员,,,,,,,,,,,,,,,,,,,,,,,,,
Can't post in this area.,无法在此区域发布任务,,,,,,,,,,,,,,,,,,,,,,,,,
Failed to find Quest Counter NPC\nMove closer and try again.,找不到可承接任务的NPC。\n请靠近一点，然后重试,,,,,,,,,,,,,,,,,,,,,,,,,
Hub Quest,集会任务,,,,,,,,,,,,,,,,,,,,,,,,,
Random Anomaly Investigations,随机怪异化调查任务,,,,,,,,,,,,,,,,,,,,,,,,,
Random Anomaly,随机怪异化任务,,,,,,,,,,,,,,,,,,,,,,,,,
Random Master Rank,随机大师等级任务,,,,,,,,,,,,,,,,,,,,,,,,,
Random High Rank,随机上位任务,,,,,,,,,,,,,,,,,,,,,,,,,
Random Low Rank,随机下位任务,,,,,,,,,,,,,,,,,,,,,,,,,
Specific Quest,具体任务,,,,,,,,,,,,,,,,,,,,,,,,,
Join,加入,,,,,,,,,,,,,,,,,,,,,,,,,
Post,发布,,,,,,,,,,,,,,,,,,,,,,,,,
Posting Method,发布方式,,,,,,,,,,,,,,,,,,,,,,,,,
Quest Type,任务类型,,,,,,,,,,,,,,,,,,,,,,,,,
Anomaly Inv. Min Lv,怪异化调查任务最低等级,,,,,,,,,,,,,,,,,,,,,,,,,
Anomaly Inv. Max Lv,怪异化调查任务最高等级,,,,,,,,,,,,,,,,,,,,,,,,,
Auto ,自动 ,,,,,,,,,,,,,,,,,,,,,,,,,
 Quest, 任务,,,,,,,,,,,,,,,,,,,,,,,,,
Auto Randomize Quest,自动随机选择任务,,,,,,,,,,,,,,,,,,,,,,,,,
Monster,怪物,,,,,,,,,,,,,,,,,,,,,,,,,
Keep RNG,锁定怪物出生地点,,,,,,,,,,,,,,,,,,,,,,,,,
New Hub Quests,自动加入集会任务,,,,,,,,,,,,,,,,,,,,,,,,,
Auto Ready,自动完成准备,,,,,,,,,,,,,,,,,,,,,,,,,
Auto Depart,自动出发,,,,,,,,,,,,,,,,,,,,,,,,,
Send Join Request,发送救援信号,,,,,,,,,,,,,,,,,,,,,,,,,
Quest ID,任务ID,,,,,,,,,,,,,,,,,,,,,,,,,
Reload Quest Data,重新加载任务数据,,,,,,,,,,,,,,,,,,,,,,,,,
Randomizer,随机化,,,,,,,,,,,,,,,,,,,,,,,,,
Randomizer Settings,随机化设置,,,,,,,,,,,,,,,,,,,,,,,,,
Select All,全选,,,,,,,,,,,,,,,,,,,,,,,,,
Unselect All,取消全选,,,,,,,,,,,,,,,,,,,,,,,,,
Quest Ranks,任务等级,,,,,,,,,,,,,,,,,,,,,,,,,
Exclude Village,排除村任务,,,,,,,,,,,,,,,,,,,,,,,,,
Exclude Low Rank,排除下位任务,,,,,,,,,,,,,,,,,,,,,,,,,
Exclude High Rank,排除上位任务,,,,,,,,,,,,,,,,,,,,,,,,,
Exclude Master Rank,排除大师等级任务,,,,,,,,,,,,,,,,,,,,,,,,,
Quest Categories,任务类别,,,,,,,,,,,,,,,,,,,,,,,,,
Exclude MR Level,要排除的大师位任务的等级,,,,,,,,,,,,,,,,,,,,,,,,,
Exclude Anomaly,排除怪异化任务,,,,,,,,,,,,,,,,,,,,,,,,,
M1,大师等级1,,,,,,,,,,,,,,,,,,,,,,,,,
M2,大师等级2,,,,,,,,,,,,,,,,,,,,,,,,,
M3,大师等级3,,,,,,,,,,,,,,,,,,,,,,,,,
M4,大师等级4,,,,,,,,,,,,,,,,,,,,,,,,,
M5,大师等级5,,,,,,,,,,,,,,,,,,,,,,,,,
M6,大师等级6,,,,,,,,,,,,,,,,,,,,,,,,,
A1,怪异化1星,,,,,,,,,,,,,,,,,,,,,,,,,
A2,怪异化2星,,,,,,,,,,,,,,,,,,,,,,,,,
A3,怪异化3星,,,,,,,,,,,,,,,,,,,,,,,,,
A4,怪异化4星,,,,,,,,,,,,,,,,,,,,,,,,,
A5,怪异化5星,,,,,,,,,,,,,,,,,,,,,,,,,
A6,怪异化6星,,,,,,,,,,,,,,,,,,,,,,,,,
A7,怪异化7星,,,,,,,,,,,,,,,,,,,,,,,,,
Exclude Anomaly Level,要排除怪异化任务等级,,,,,,,,,,,,,,,,,,,,,,,,,
Exclude Anomaly Investigations,排除怪异化调查任务,,,,,,,,,,,,,,,,,,,,,,,,,
Exclude Anomaly Investigations Level,要排除的怪异化调查任务等级,,,,,,,,,,,,,,,,,,,,,,,,,
Exclude Below,排除 等级以下的任务,,,,,,,,,,,,,,,,,,,,,,,,,
Exclude Above,排除 等级以外的任务,,,,,,,,,,,,,,,,,,,,,,,,,
Exclude Arena,排除斗技场任务,,,,,,,,,,,,,,,,,,,,,,,,,
Low Rank,下位,,,,,,,,,,,,,,,,,,,,,,,,,
High Rank,上位,,,,,,,,,,,,,,,,,,,,,,,,,
Master Rank,大师位,,,,,,,,,,,,,,,,,,,,,,,,,
Exclude Rampage,排除百龙夜行任务,,,,,,,,,,,,,,,,,,,,,,,,,
Exclude Rampage Ranks,要排除的百龙夜行任务等级,,,,,,,,,,,,,,,,,,,,,,,,,
Village,村任务,,,,,,,,,,,,,,,,,,,,,,,,,
Exclude Support Surveys,排除盟友调查任务,,,,,,,,,,,,,,,,,,,,,,,,,
Exclude Follower Quests,排除盟友跟随任务,,,,,,,,,,,,,,,,,,,,,,,,,
Exclude Event,排除盟友支线任务,,,,,,,,,,,,,,,,,,,,,,,,,
Exclude Event Ranks,排除以下类型的支线任务,,,,,,,,,,,,,,,,,,,,,,,,,
Exclude Training,排除教学任务,,,,,,,,,,,,,,,,,,,,,,,,,
Exclude Tour,排除探索任务,,,,,,,,,,,,,,,,,,,,,,,,,
Exclude Capture,排除捕获任务,,,,,,,,,,,,,,,,,,,,,,,,,
Exclude Slay,排除连续狩猎的任务,,,,,,,,,,,,,,,,,,,,,,,,,
Exclude Hunt,排除狩猎任务,,,,,,,,,,,,,,,,,,,,,,,,,
Exclude Boss Rush,排除大连续任务,,,,,,,,,,,,,,,,,,,,,,,,,
Exclude Gathering,排除收集任务,,,,,,,,,,,,,,,,,,,,,,,,,
Exclude Small Monsters,排除小型怪物任务,,,,,,,,,,,,,,,,,,,,,,,,,
Exclude Single Monster,排除单目标任务,,,,,,,,,,,,,,,,,,,,,,,,,
Exclude Mutli Monsters,排除多目标任务,,,,,,,,,,,,,,,,,,,,,,,,,
Exclude Not Unlocked,排除未解锁任务,,,,,,,,,,,,,,,,,,,,,,,,,
Exclude Completed,排除已完成任务,,,,,,,,,,,,,,,,,,,,,,,,,
Exclude Invalid Anomaly Investigations,排除非法的怪异化调查任务,,,,,,,,,,,,,,,,,,,,,,,,,
Exclude Custom,排除自制任务,,,,,,,,,,,,,,,,,,,,,,,,,
Exclude Non Custom,排除官方任务,,,,,,,,,,,,,,,,,,,,,,,,,
Exclude Posted,排除已发布任务,,,,,,,,,,,,,,,,,,,,,,,,,
Reset Posted Quests List,重置已发布任务的列表,,,,,,,,,,,,,,,,,,,,,,,,,
Prefer Anomaly Research Quests,偏好怪异化调查任务,,,,,,,,,,,,,,,,,,,,,,,,,
GUI Settings,GUI 设置,,,,,,,,,,,,,,,,,,,,,,,,,
Hide GUI while posting,发布任务时隐藏GUI,,,,,,,,,,,,,,,,,,,,,,,,,
Mute UI sounds while posting,发布任务时禁用UI音效,,,,,,,,,,,,,,,,,,,,,,,,,
Restore GUI,重置GUI设定,,,,,,,,,,,,,,,,,,,,,,,,,
 Quest Bind, 任务 绑定快捷键,,,,,,,,,,,,,,,,,,,,,,,,,
Press any key...,按下任意键...,,,,,,,,,,,,,,,,,,,,,,,,,
Explanations,功能释意,,,,,,,,,,,,,,,,,,,,,,,,,
Posting Method,任务发布方式,,,,,,,,,,,,,,,,,,,,,,,,,
Multiplayer,联机模式,,,,,,,,,,,,,,,,,,,,,,,,,
Required method if you want to post quest for people in your lobby\n,如果您想在您的集会中发布任务，则需要使用此方法。\n,,,,,,,,,,,,,,,,,,,,,,,,,
or activate Join Request later. Also can be used if you play singleplayer.\n,或者在任务开始时发送救援信号，在单人游戏时也可以使用此模式。\n,,,,,,,,,,,,,,,,,,,,,,,,,
"Quests can be posted only in 3 areas, Elgado, Kamura Village and Kamura Hub\n",只能在埃尔加多、炎火村和炎火村集会这三处发布任务。\n,,,,,,,,,,,,,,,,,,,,,,,,,
while somewhat close to Quest Counter. GUI cant be disabled while posting.,请靠近任务面布告栏发布任务，联机模式发布任务时不能隐藏GUI。,,,,,,,,,,,,,,,,,,,,,,,,,
Singleplayer,单人模式,,,,,,,,,,,,,,,,,,,,,,,,,
Other people cant join quests posted with this method.\n,使用此方法时其他人无法加入您发布的任务。\n,,,,,,,,,,,,,,,,,,,,,,,,,
Quests can be posted from each area that lets you open Quest Board.\n,任务可以从任何可以打开任务面板的区域发布。\n,,,,,,,,,,,,,,,,,,,,,,,,,
Is faster than Multiplayer method and GUI can be disabled while posting.,此方法比联机模式快，发布任务时可以隐藏GUI。,,,,,,,,,,,,,,,,,,,,,,,,,
Join Multiplayer,加入联机,,,,,,,,,,,,,,,,,,,,,,,,,
Queues for random multiplayer quests of your choosing or joins hub quests.,排队等待您选择的随机联机任务或加入集会任务,,,,,,,,,,,,,,,,,,,,,,,,,
"Lets you keep random seed used in last quest. Affects spawned monsters,\n",允许您保留上次任务中使用的随机种子。这会影响生成怪物的\n,,,,,,,,,,,,,,,,,,,,,,,,,
their spawn postitions and probably some less important stuff.\n,出生位置，和一些不太重要的东西。\n,,,,,,,,,,,,,,,,,,,,,,,,,
Quest rewards are not affected.,完成任务时的奖励不受影响。,,,,,,,,,,,,,,,,,,,,,,,,,
Join New Hub Quests,自动加入集会任务,,,,,,,,,,,,,,,,,,,,,,,,,
When enabled mod will attempt to join new hub quests whenever one is posted.\n,启用后，无论何时何人在你集会内发布集会任务，mod都会尝试加入。\n,,,,,,,,,,,,,,,,,,,,,,,,,
"Tbh I dislike this option as its essentially giving a bit of control to other players,\n",说真的，我不喜欢这个选项，因为它本质上给了其他玩家一点控制权，\n,,,,,,,,,,,,,,,,,,,,,,,,,
but its there if you want it.,不过您真想用的话就用吧。,,,,,,,,,,,,,,,,,,,,,,,,,
Mystery Mode,神秘模式,,,,,,,,,,,,,,,,,,,,,,,,,
Hides quest info displayed in top left corner and while signing for hub quest.,隐藏左上角显示的任务信息，并在加入集会任务时隐藏任务信息,,,,,,,,,,,,,,,,,,,,,,,,,
Reset list,重置列表,,,,,,,,,,,,,,,,,,,,,,,,,
Resets list of posted quests.,重置已发布任务的列表,,,,,,,,,,,,,,,,,,,,,,,,,
Unhides GUI and restores ui volume if something went wrong.,如果出现问题，使用此项取消隐藏GUI并恢复UI声音,,,,,,,,,,,,,,,,,,,,,,,,,
Custom Quests,自制任务,,,,,,,,,,,,,,,,,,,,,,,,,
After loading custom quests press Reload Quest Data button\n,加载自制任务后，按“重新加载任务数据”按钮\n,,,,,,,,,,,,,,,,,,,,,,,,,
for them to appear in the randomizer quest pool.,让它们出现在随机化任务池中,,,,,,,,,,,,,,,,,,,,,,,,,
Other,其他选项,,,,,,,,,,,,,,,,,,,,,,,,,
"Posts quests for singleplayer ONLY, faster than multiplayer method.",,,,,,,,,,,,,,,,,,,,,,,,,,
"Posts quests for multiplayer and singleplayer, slower than singleplayer method.",,,,,,,,,,,,,,,,,,,,,,,,,,
Joins Hub quests or multiplayer queues.,,,,,,,,,,,,,,,,,,,,,,,,,,
Join Hub Quest.,,,,,,,,,,,,,,,,,,,,,,,,,,
Queue for Random Anomaly Investigation.,,,,,,,,,,,,,,,,,,,,,,,,,,
Queue for Random Anomaly Quest.,,,,,,,,,,,,,,,,,,,,,,,,,,
Queue for Random Master Rank Quest.,,,,,,,,,,,,,,,,,,,,,,,,,,
Queue for Random High Rank Quest.,,,,,,,,,,,,,,,,,,,,,,,,,,
Queue for Random Low Rank Quest.,,,,,,,,,,,,,,,,,,,,,,,,,,
Queue for Specific Quest.,,,,,,,,,,,,,,,,,,,,,,,,,,
Buttons,,,,,,,,,,,,,,,,,,,,,,,,,,
Created by: <COL RED>kmy</COL>,"作者: <COL RED>kmy</COL>,汉化: <COL BU>蛮子哒</COL>",,,,,,,,,,,,,,,,,,,,,,,,,
Version: <COL RED>,版本: <COL RED>,,,,,,,,,,,,,,,,,,,,,,,,,
<COL AUTOQUESTBR>Quest ID</COL>,<COL AUTOQUESTBR>任务 ID</COL>,,,,,,,,,,,,,,,,,,,,,,,,,
<COL AUTOQUESTGREEN>Quest ID</COL>,<COL AUTOQUESTGREEN>任务 ID</COL>,,,,,,,,,,,,,,,,,,,,,,,,,
Quest ID of next quest to be posted. Press to type.,,,,,,,,,,,,,,,,,,,,,,,,,,
Type something in...,,,,,,,,,,,,,,,,,,,,,,,,,,
<COL AUTOQUESTBR>Randomize</COL>,,,,,,,,,,,,,,,,,,,,,,,,,,
Randomize Quest ID - No. of quests in the Randomizer list.,,,,,,,,,,,,,,,,,,,,,,,,,,
<COL AUTOQUESTBR>Select Randomizer Chekboxes</COL>,,,,,,,,,,,,,,,,,,,,,,,,,,
<COL AUTOQUESTBR>Unselect Randomizer Chekboxes</COL>,,,,,,,,,,,,,,,,,,,,,,,,,,
Selects or Unselects all Randomizer Checkboxes.,,,,,,,,,,,,,,,,,,,,,,,,,,
<COL AUTOQUESTBR>Reload Quest Data</COL>,,,,,,,,,,,,,,,,,,,,,,,,,,
Use this after loading custom quests if you want them to appear in the randomizer quest list - No. of quests,,,,,,,,,,,,,,,,,,,,,,,,,,
<COL GRAY>Quest ID</COL>,,,,,,,,,,,,,,,,,,,,,,,,,,
"Multiplayer, Singleplayer Methods and Join Multiplayer Specific Quest only.",,,,,,,,,,,,,,,,,,,,,,,,,,
<COL GRAY>Select Randomizer Chekboxes</COL>,,,,,,,,,,,,,,,,,,,,,,,,,,
<COL GRAY>Unselect Randomizer Chekboxes</COL>,,,,,,,,,,,,,,,,,,,,,,,,,,
<COL GRAY>Reload Quest Data</COL>,,,,,,,,,,,,,,,,,,,,,,,,,,
"Multiplayer, Singleplayer Methods only.",,,,,,,,,,,,,,,,,,,,,,,,,,
Close options and ,,,,,,,,,,,,,,,,,,,,,,,,,,
 Quest Bind</COL>,,,,,,,,,,,,,,,,,,,,,,,,,,
<COL GRAY>Press any key... ,,,,,,,,,,,,,,,,,,,,,,,,,,
Your ,,,,,,,,,,,,,,,,,,,,,,,,,,
 Quest Bind. Press to bind.,,,,,,,,,,,,,,,,,,,,,,,,,,
General,,,,,,,,,,,,,,,,,,,,,,,,,,
Choose your Posting Method.,,,,,,,,,,,,,,,,,,,,,,,,,,
<COL GRAY>Quest Type</COL>,,,,,,,,,,,,,,,,,,,,,,,,,,
Join Multiplayer Method only.,,,,,,,,,,,,,,,,,,,,,,,,,,
Join Mulitplayer Quest Type.,,,,,,,,,,,,,,,,,,,,,,,,,,
<COL YEL>Anomaly Investigations Options</COL>,,,,,,,,,,,,,,,,,,,,,,,,,,
Show/Hide Anomaly Investigations options.,,,,,,,,,,,,,,,,,,,,,,,,,,
You can set this higher than game lets you normally. ,,,,,,,,,,,,,,,,,,,,,,,,,,
Random Anomaly Investigation Target,,,,,,,,,,,,,,,,,,,,,,,,,,
<COL YEL>Hub Quest Options</COL>,,,,,,,,,,,,,,,,,,,,,,,,,,
Show/Hide Hub Quest options.,,,,,,,,,,,,,,,,,,,,,,,,,,
Enable/Disable joining Hub Quests whenever new one is posted.,,,,,,,,,,,,,,,,,,,,,,,,,,
Enable/Disable readying up immediately after joining Hub Quest.,,,,,,,,,,,,,,,,,,,,,,,,,,
Enable/Disable Auto ,,,,,,,,,,,,,,,,,,,,,,,,,,
ing quests upon returning to village.,,,,,,,,,,,,,,,,,,,,,,,,,,
Auto Randomize Quest,,,,,,,,,,,,,,,,,,,,,,,,,,
Enable/Disable Auto Randomizing Quests upon posting.,,,,,,,,,,,,,,,,,,,,,,,,,,
"Enable/Disable Keeping last quest RNG. Affects spawned monsters,",,,,,,,,,,,,,,,,,,,,,,,,,,
their spawn postitions and probably some less important stuff.,,,,,,,,,,,,,,,,,,,,,,,,,,
<COL GRAY>Keep RNG</COL>,,,,,,,,,,,,,,,,,,,,,,,,,,
"Multiplayer, Singleplayer Methods only.",,,,,,,,,,,,,,,,,,,,,,,,,,
<COL GRAY>Send Join Request</COL>,,,,,,,,,,,,,,,,,,,,,,,,,,
Multiplayer Method only.,,,,,,,,,,,,,,,,,,,,,,,,,,
Auto Depart,,,,,,,,,,,,,,,,,,,,,,,,,,
Enable/Disable departing immediately after quest post.,,,,,,,,,,,,,,,,,,,,,,,,,,
<COL GRAY>Auto Depart</COL>,,,,,,,,,,,,,,,,,,,,,,,,,,
Singleplayer Method only.,,,,,,,,,,,,,,,,,,,,,,,,,,
Enable/Disable hiding quest info displayed in top ,,,,,,,,,,,,,,,,,,,,,,,,,,
left corner and while signing for Hub quest.,,,,,,,,,,,,,,,,,,,,,,,,,,
Hide Gui,,,,,,,,,,,,,,,,,,,,,,,,,,
Enable/Disable hiding gui while posting.,,,,,,,,,,,,,,,,,,,,,,,,,,
Mute UI,,,,,,,,,,,,,,,,,,,,,,,,,,
Enable/Disable muting ui sounds while posting.,,,,,,,,,,,,,,,,,,,,,,,,,,
<COL GRAY>Hide Gui</COL>,,,,,,,,,,,,,,,,,,,,,,,,,,
<COL GRAY>Mute UI</COL>,,,,,,,,,,,,,,,,,,,,,,,,,,
<COL GRAY>Quest Ranks</COL>,,,,,,,,,,,,,,,,,,,,,,,,,,
Show/Hide Quest Ranks options.,,,,,,,,,,,,,,,,,,,,,,,,,,
Exclude/Include Village Quests.,,,,,,,,,,,,,,,,,,,,,,,,,,
Exclude/Include Low Rank Quests.,,,,,,,,,,,,,,,,,,,,,,,,,,
Exclude/Include High Rank Quests.,,,,,,,,,,,,,,,,,,,,,,,,,,
Exclude/Include Master Rank Quests.,,,,,,,,,,,,,,,,,,,,,,,,,,
<COL YEL>Exclude Master Rank Level</COL>,,,,,,,,,,,,,,,,,,,,,,,,,,
Show/Hide Master Rank Level options.,,,,,,,,,,,,,,,,,,,,,,,,,,
Include Master Rank Quests to show.,,,,,,,,,,,,,,,,,,,,,,,,,,
Exclude Master Rank Level 1,,,,,,,,,,,,,,,,,,,,,,,,,,
Exclude Master Rank Level 2,,,,,,,,,,,,,,,,,,,,,,,,,,
Exclude Master Rank Level 3,,,,,,,,,,,,,,,,,,,,,,,,,,
Exclude Master Rank Level 4,,,,,,,,,,,,,,,,,,,,,,,,,,
Exclude Master Rank Level 5,,,,,,,,,,,,,,,,,,,,,,,,,,
Exclude Master Rank Level 6,,,,,,,,,,,,,,,,,,,,,,,,,,
Exclude/Include Master Rank Level 1 Quests.,,,,,,,,,,,,,,,,,,,,,,,,,,
Exclude/Include Master Rank Level 2 Quests.,,,,,,,,,,,,,,,,,,,,,,,,,,
Exclude/Include Master Rank Level 3 Quests.,,,,,,,,,,,,,,,,,,,,,,,,,,
Exclude/Include Master Rank Level 4 Quests.,,,,,,,,,,,,,,,,,,,,,,,,,,
Exclude/Include Master Rank Level 5 Quests.,,,,,,,,,,,,,,,,,,,,,,,,,,
Exclude/Include Master Rank Level 6 Quests.,,,,,,,,,,,,,,,,,,,,,,,,,,
<COL YEL>Quest Categories</COL>,,,,,,,,,,,,,,,,,,,,,,,,,,
Show/Hide Quest Categories options.,,,,,,,,,,,,,,,,,,,,,,,,,,
Exclude/Include Anomnaly Quests.,,,,,,,,,,,,,,,,,,,,,,,,,,
<COL YEL>Exclude Anomaly Level</COL>,,,,,,,,,,,,,,,,,,,,,,,,,,
Show/Hide Anomaly Level options.,,,,,,,,,,,,,,,,,,,,,,,,,,
<COL GRAY>Exclude Anomaly Level</COL>,,,,,,,,,,,,,,,,,,,,,,,,,,
Include Anomaly Quests to show.,,,,,,,,,,,,,,,,,,,,,,,,,,
Exclude Anomaly Level 1,,,,,,,,,,,,,,,,,,,,,,,,,,
Exclude Anomaly Level 2,,,,,,,,,,,,,,,,,,,,,,,,,,
Exclude Anomaly Level 3,,,,,,,,,,,,,,,,,,,,,,,,,,
Exclude Anomaly Level 4,,,,,,,,,,,,,,,,,,,,,,,,,,
Exclude Anomaly Level 5,,,,,,,,,,,,,,,,,,,,,,,,,,
Exclude Anomaly Level 6,,,,,,,,,,,,,,,,,,,,,,,,,,
Exclude Anomaly Level 7,,,,,,,,,,,,,,,,,,,,,,,,,,
Exclude/Include Anomaly Level 1 Quests.,,,,,,,,,,,,,,,,,,,,,,,,,,
Exclude/Include Anomaly Level 2 Quests.,,,,,,,,,,,,,,,,,,,,,,,,,,
Exclude/Include Anomaly Level 3 Quests.,,,,,,,,,,,,,,,,,,,,,,,,,,
Exclude/Include Anomaly Level 4 Quests.,,,,,,,,,,,,,,,,,,,,,,,,,,
Exclude/Include Anomaly Level 5 Quests.,,,,,,,,,,,,,,,,,,,,,,,,,,
Exclude/Include Anomaly Level 6 Quests.,,,,,,,,,,,,,,,,,,,,,,,,,,
Exclude/Include Anomaly Level 7 Quests.,,,,,,,,,,,,,,,,,,,,,,,,,,
Exclude/Include Anomaly Investigations Quests.,,,,,,,,,,,,,,,,,,,,,,,,,,
<COL YEL>Exclude Anomaly Investigations Level</COL>,,,,,,,,,,,,,,,,,,,,,,,,,,
Show/Hide Anomaly Investigations Level options.,,,,,,,,,,,,,,,,,,,,,,,,,,
<COL GRAY>Exclude Anomaly Investigations Level</COL>,,,,,,,,,,,,,,,,,,,,,,,,,,
Include Anomaly Investigations Quests to show.,,,,,,,,,,,,,,,,,,,,,,,,,,
Exclude/Include Arena Quests.,,,,,,,,,,,,,,,,,,,,,,,,,,
<COL YEL>Exclude Arena Ranks</COL>,,,,,,,,,,,,,,,,,,,,,,,,,,
Show/Hide Arena Ranks options.,,,,,,,,,,,,,,,,,,,,,,,,,,
<COL GRAY>Exclude Arena Ranks</COL>,,,,,,,,,,,,,,,,,,,,,,,,,,
Include Arena Quests to show.,,,,,,,,,,,,,,,,,,,,,,,,,,
Exclude/Include Arena Low Rank Quests.,,,,,,,,,,,,,,,,,,,,,,,,,,
Exclude/Include Arena Low Rank Quests.,,,,,,,,,,,,,,,,,,,,,,,,,,
Exclude/Include Arena Low Rank Quests.,,,,,,,,,,,,,,,,,,,,,,,,,,
Exclude/Include Rampage Quests.,,,,,,,,,,,,,,,,,,,,,,,,,,
<COL YEL>Exclude Rampage Ranks</COL>,,,,,,,,,,,,,,,,,,,,,,,,,,
Show/Hide Rampage Ranks options.,,,,,,,,,,,,,,,,,,,,,,,,,,
<COL GRAY>Exclude Rampage Ranks</COL>,,,,,,,,,,,,,,,,,,,,,,,,,,
Include Rampage Quests to show.,,,,,,,,,,,,,,,,,,,,,,,,,,
Exclude/Include Rampage Village Quests.,,,,,,,,,,,,,,,,,,,,,,,,,,
Exclude/Include Rampage Low Rank Quests.,,,,,,,,,,,,,,,,,,,,,,,,,,
Exclude/Include Rampage High Rank Quests.,,,,,,,,,,,,,,,,,,,,,,,,,,
Exclude/Include Event Quests.,,,,,,,,,,,,,,,,,,,,,,,,,,
<COL YEL>Exclude Event Ranks</COL>,,,,,,,,,,,,,,,,,,,,,,,,,,
Show/Hide Event Ranks options.,,,,,,,,,,,,,,,,,,,,,,,,,,
<COL GRAY>Exclude Event Ranks</COL>,,,,,,,,,,,,,,,,,,,,,,,,,,
Include Event Quests to show.,,,,,,,,,,,,,,,,,,,,,,,,,,
Exclude/Include Event Low Rank Quests.,,,,,,,,,,,,,,,,,,,,,,,,,,
Exclude/Include Event High Rank Quests.,,,,,,,,,,,,,,,,,,,,,,,,,,
Exclude/Include Event Master Rank Quests.,,,,,,,,,,,,,,,,,,,,,,,,,,
Exclude/Include Support Surveys Quests.,,,,,,,,,,,,,,,,,,,,,,,,,,
Exclude/Include Follower Quests.,,,,,,,,,,,,,,,,,,,,,,,,,,
Exclude/Include Training Quests.,,,,,,,,,,,,,,,,,,,,,,,,,,
Exclude/Include Tour Quests.,,,,,,,,,,,,,,,,,,,,,,,,,,
<COL GRAY>Quest Types</COL>,,,,,,,,,,,,,,,,,,,,,,,,,,
<COL YEL>Quest Types</COL>,,,,,,,,,,,,,,,,,,,,,,,,,,
Show/Hide Quest Types options.,,,,,,,,,,,,,,,,,,,,,,,,,,
Exclude/Include Capture Quests.,,,,,,,,,,,,,,,,,,,,,,,,,,
Exclude/Include Slay Quests.,,,,,,,,,,,,,,,,,,,,,,,,,,
Exclude/Include Boss Rush Quests.,,,,,,,,,,,,,,,,,,,,,,,,,,
Exclude/Include Gathering Quests.,,,,,,,,,,,,,,,,,,,,,,,,,,
<COL GRAY>Other</COL>,,,,,,,,,,,,,,,,,,,,,,,,,,
<COL YEL>Other</COL>,,,,,,,,,,,,,,,,,,,,,,,,,,
Show/Hide Other options.,,,,,,,,,,,,,,,,,,,,,,,,,,
Exclude/Include Quests with small monsters as a main target.,,,,,,,,,,,,,,,,,,,,,,,,,,
Exclude/Include Quests with single monster as a main target.,,,,,,,,,,,,,,,,,,,,,,,,,,
Exclude/Include Multi Target Quests.,,,,,,,,,,,,,,,,,,,,,,,,,,
Exclude/Include Not Unlocked Quests.,,,,,,,,,,,,,,,,,,,,,,,,,,
Exclude/Include Completed Quests.,,,,,,,,,,,,,,,,,,,,,,,,,,
Exclude/Include Invalid Anomaly Investigations.,,,,,,,,,,,,,,,,,,,,,,,,,,
Exclude/Include Custom Quests.,,,,,,,,,,,,,,,,,,,,,,,,,,
Exclude/Include Non Custom Quests.,,,,,,,,,,,,,,,,,,,,,,,,,,
Exclude/Include Already Posted Quests.,,,,,,,,,,,,,,,,,,,,,,,,,,
Randomizer will pick Anomaly Research Quest over other quests if available.,,,,,,,,,,,,,,,,,,,,,,,,,,
<COL AUTOQUESTBR>Reset Posted Quests List<COL>,,,,,,,,,,,,,,,,,,,,,,,,,,
You have ,,,,,,,,,,,,,,,,,,,,,,,,,,
 quests in the list.,,,,,,,,,,,,,,,,,,,,,,,,,,
AutoQuest,,,,,,,,,,,,,,,,,,,,,,,,,,
Posts quests for you :),,,,,,,,,,,,,,,,,,,,,,,,,,
,,,,,,,,,,,,,,,,,,,,,,,,,,
,,,,,,,,,,,,,,,,,,,,,,,,,,
,,,,,,,,,,,,,,,,,,,,,,,,,,
,,,,,,,,,,,,,,,,,,,,,,,,,,
,,,,,,,,,,,,,,,,,,,,,,,,,,
,,,,,,,,,,,,,,,,,,,,,,,,,,
,,,,,,,,,,,,,,,,,,,,,,,,,,
,,,,,,,,,,,,,,,,,,,,,,,,,,
,,,,,,,,,,,,,,,,,,,,,,,,,,
,,,,,,,,,,,,,,,,,,,,,,,,,,
,,,,,,,,,,,,,,,,,,,,,,,,,,
,,,,,,,,,,,,,,,,,,,,,,,,,,
,,,,,,,,,,,,,,,,,,,,,,,,,,
,,,,,,,,,,,,,,,,,,,,,,,,,,
,,,,,,,,,,,,,,,,,,,,,,,,,,
,,,,,,,,,,,,,,,,,,,,,,,,,,
,,,,,,,,,,,,,,,,,,,,,,,,,,
,,,,,,,,,,,,,,,,,,,,,,,,,,
,,,,,,,,,,,,,,,,,,,,,,,,,,
,,,,,,,,,,,,,,,,,,,,,,,,,,
,,,,,,,,,,,,,,,,,,,,,,,,,,
,,,,,,,,,,,,,,,,,,,,,,,,,,
,,,,,,,,,,,,,,,,,,,,,,,,,,
,,,,,,,,,,,,,,,,,,,,,,,,,,
,,,,,,,,,,,,,,,,,,,,,,,,,,
,,,,,,,,,,,,,,,,,,,,,,,,,,
,,,,,,,,,,,,,,,,,,,,,,,,,,
,,,,,,,,,,,,,,,,,,,,,,,,,,
,,,,,,,,,,,,,,,,,,,,,,,,,,
,,,,,,,,,,,,,,,,,,,,,,,,,,
,,,,,,,,,,,,,,,,,,,,,,,,,,
,,,,,,,,,,,,,,,,,,,,,,,,,,
,,,,,,,,,,,,,,,,,,,,,,,,,,
,,,,,,,,,,,,,,,,,,,,,,,,,,
,,,,,,,,,,,,,,,,,,,,,,,,,,
,,,,,,,,,,,,,,,,,,,,,,,,,,
,,,,,,,,,,,,,,,,,,,,,,,,,,
,,,,,,,,,,,,,,,,,,,,,,,,,,
,,,,,,,,,,,,,,,,,,,,,,,,,,
,,,,,,,,,,,,,,,,,,,,,,,,,,
,,,,,,,,,,,,,,,,,,,,,,,,,,
,,,,,,,,,,,,,,,,,,,,,,,,,,
,,,,,,,,,,,,,,,,,,,,,,,,,,
,,,,,,,,,,,,,,,,,,,,,,,,,,
,,,,,,,,,,,,,,,,,,,,,,,,,,
,,,,,,,,,,,,,,,,,,,,,,,,,,
,,,,,,,,,,,,,,,,,,,,,,,,,,
,,,,,,,,,,,,,,,,,,,,,,,,,,
,,,,,,,,,,,,,,,,,,,,,,,,,,
,,,,,,,,,,,,,,,,,,,,,,,,,,
,,,,,,,,,,,,,,,,,,,,,,,,,,
,,,,,,,,,,,,,,,,,,,,,,,,,,
,,,,,,,,,,,,,,,,,,,,,,,,,,
,,,,,,,,,,,,,,,,,,,,,,,,,,
,,,,,,,,,,,,,,,,,,,,,,,,,,
